{"epoch": 157, "loss": [1.0, 0.964569355382555, 0.9348853234889495, 0.8762078497175484, 0.8475952917386927, 0.7902553809161772, 0.7508958054933026, 0.7232921511928652, 0.7743677550742724, 0.6603066835440775, 0.8268468855002747, 0.6213355650050958, 0.600862310553298, 0.5859932304963359, 0.7567721935221267, 0.5617366286329016, 0.5428496041604903, 0.5218424335783007, 0.5439684195768034, 0.5238885051358081, 0.5055981739422775, 0.48141320506765944, 0.49072383831652294, 0.432823485225065, 0.4143982059226205, 0.40711340822229186, 0.40155972039380844, 0.41666232151136584, 0.372694522671034, 0.3912768483007794, 0.4096780844105594, 0.35600325001063526, 0.340381651129219, 0.3272628203186414, 0.32776123032286075, 0.3272426877657476, 0.300906535957774, 0.30391679747653244, 0.3085748246502233, 0.27892811970977344, 0.28270048008586357, 0.26757451858576037, 0.2591539593634455, 0.2607747229818657, 0.25296352006245104, 0.28436026733712827, 0.24197081512299437, 0.24502916302708183, 0.23440908619149373, 0.23970837552272217, 0.23457082942476268, 0.2260255642453144, 0.21986949305362782, 0.2173139623827077, 0.22088147972318795, 0.2155250412541459, 0.20930598600181322, 0.20721573869874765, 0.21063903826567223, 0.20304176182556777, 0.20185216176028284, 0.20116539961938096, 0.2034431507192846, 0.19566662627741357, 0.1943722252045161, 0.19353141696259243, 0.2055928645763242, 0.1921627344252667, 0.18877518927910314, 0.1878128408360509, 0.187276441759773, 0.1845409182033205, 0.18396290909223334, 0.182336869213805, 0.18760383886608165, 0.18016083613037187, 0.17929824003829695, 0.17853036833177985, 0.17712400709063134, 0.17637875088289418, 0.17509132274969372, 0.1733937119560962, 0.17319700056826354, 0.17237112103848054, 0.17112161990369149, 0.17021797243963172, 0.16930252063700474, 0.16919867142531522, 0.16770331726536286, 0.16668112982645367, 0.16536252003116594, 0.1645856476458114, 0.16360757387881336, 0.16367196494212832, 0.16914066360204932, 0.16104752217725882, 0.16048228989187763, 0.15965266525204963, 0.1582769890838112, 0.1573687688610777, 0.15701477319696333, 0.15604184119707126, 0.15496762569623873, 0.1539512628345542, 0.15324955129029594, 0.15253947014927968, 0.15174805183927528, 0.15079473511188402, 0.1500886163386778, 0.14932466561753927, 0.14857499183524628, 0.14774001851615512, 0.1474104384865882, 0.14759881131448646, 0.14511243068649646, 0.14434561423198097, 0.14314906191821475, 0.1423782830958892, 0.14157426383551244, 0.14098690229492067, 0.14036640377235624, 0.13941785637018803, 0.13849086921479817, 0.1376008469162888, 0.1369771826377195, 0.13602116570667702, 0.1351291880882823, 0.13458051912108351, 0.1338968503169315, 0.1331747889620144, 0.13207731653471463, 0.13158766926035195, 0.1310288719430591, 0.1310980530228128, 0.1297138934561299, 0.12971029318459495, 0.12841336778337986, 0.12734251460510151, 0.1264306320371859, 0.12580990591124858, 0.12515731531310528, 0.1244678426229443, 0.12351737093771431, 0.12291870164773255, 0.12228726781766106, 0.12162219007083183, 0.12096346452722807, 0.12029669010070994, 0.11960966931961158, 0.11891076143508313, 0.11822141289221648, 0.11724851192914798, 0.11640930725644245, 0.1155047700701068, 0.1150740410325016, 0.11424982714558389, 0.11383747190753642, 0.11337654404059054], "probs": [{"probs": [0.9999996423721313, 1.7261979223803792e-07, 1.7261979223803792e-07, 1.7261979223803792e-07], "url": "..\\image\\test\\chocolate\\candy_02_10zjgsrj.jpg", "property": {"label": "chocolate", "lid": 0}}, {"probs": [0.9999985694885254, 4.194902487597574e-07, 4.194902487597574e-07, 4.194902487597574e-07], "url": "..\\image\\test\\chocolate\\candy_02_41odj63m.jpg", "property": {"label": "chocolate", "lid": 0}}, {"probs": [0.9999978542327881, 7.74286661453516e-07, 7.74286661453516e-07, 7.74286661453516e-07], "url": "..\\image\\test\\chocolate\\candy_02_7t35qa5t.jpg", "property": {"label": "chocolate", "lid": 0}}, {"probs": [0.999496340751648, 0.00021913376986049116, 0.0001422852510586381, 0.0001422852510586381], "url": "..\\image\\test\\chocolate\\candy_02_9fzdvuty.jpg", "property": {"label": "chocolate", "lid": 0}}, {"probs": [0.01645844243466854, 0.9746600985527039, 0.004440777935087681, 0.004440777935087681], "url": "..\\image\\test\\gum\\candy_00_t6gm0hsk.jpg", "property": {"label": "gum", "lid": 1}}, {"probs": [0.00021987890067975968, 0.9977521300315857, 0.0018080184236168861, 0.00021987890067975968], "url": "..\\image\\test\\gum\\candy_01_r6o27aao.jpg", "property": {"label": "gum", "lid": 1}}, {"probs": [0.0008924645371735096, 0.9973224997520447, 0.0008924645371735096, 0.0008924645371735096], "url": "..\\image\\test\\gum\\candy_02_7b4l8134.jpg", "property": {"label": "gum", "lid": 1}}, {"probs": [0.021154552698135376, 0.9473968744277954, 0.015724346041679382, 0.015724346041679382], "url": "..\\image\\test\\gum\\candy_03_38a6r90f.jpg", "property": {"label": "gum", "lid": 1}}, {"probs": [5.009327423977084e-07, 3.830219156952808e-06, 0.999995231628418, 5.009327423977084e-07], "url": "..\\image\\test\\liquorice\\candy_03_87gtnntr.jpg", "property": {"label": "liquorice", "lid": 2}}, {"probs": [0.0029841687064617872, 0.00019213632913306355, 0.9966315627098083, 0.00019213632913306355], "url": "..\\image\\test\\liquorice\\candy_03_a64uy280.jpg", "property": {"label": "liquorice", "lid": 2}}, {"probs": [8.765306847635657e-05, 2.3403626983053982e-05, 0.9998655319213867, 2.3403626983053982e-05], "url": "..\\image\\test\\liquorice\\candy_03_h2vntke7.jpg", "property": {"label": "liquorice", "lid": 2}}, {"probs": [2.793289240798913e-06, 3.982234488830727e-07, 0.9999964237213135, 3.982234488830727e-07], "url": "..\\image\\test\\liquorice\\candy_03_npj4qkm1.jpg", "property": {"label": "liquorice", "lid": 2}}, {"probs": [0.0006901577580720186, 0.0030936035327613354, 0.9960024952888489, 0.0002136639377567917], "url": "..\\image\\test\\liquorice\\candy_04_1achlwyn.jpg", "property": {"label": "liquorice", "lid": 2}}, {"probs": [0.16649967432022095, 0.17964600026607513, 0.150199756026268, 0.5036545395851135], "url": "..\\image\\test\\smurf\\candy_00_rre718sw.jpg", "property": {"label": "smurf", "lid": 3}}, {"probs": [0.1569322645664215, 0.17651352286338806, 0.15667398273944855, 0.5098802447319031], "url": "..\\image\\test\\smurf\\candy_01_8mw5yk4j.jpg", "property": {"label": "smurf", "lid": 3}}, {"probs": [0.1569322645664215, 0.17651352286338806, 0.15667398273944855, 0.5098802447319031], "url": "..\\image\\test\\smurf\\candy_02_vrz0p3j6.jpg", "property": {"label": "smurf", "lid": 3}}, {"probs": [0.1569322645664215, 0.17651352286338806, 0.15667398273944855, 0.5098802447319031], "url": "..\\image\\test\\smurf\\candy_03_cs2342mg.jpg", "property": {"label": "smurf", "lid": 3}}]}