{"epoch": 130, "loss": [0.9891600649206752, 1.0, 0.8943431317838255, 0.8589716864460579, 0.8466961936964176, 0.7854257235552877, 0.8431023305291391, 0.7300520037017384, 0.6616371256115365, 0.6416339294279785, 0.6626540457488634, 0.6344303343786649, 0.5837501074945135, 0.5571972595851645, 0.6620717921493301, 0.5360091993664375, 0.5298613146460783, 0.49581314379996894, 0.6034570876692793, 0.4711779659529512, 0.4330467667854336, 0.4371584870254423, 0.4810969144887056, 0.3881391856191616, 0.4018576494538397, 0.36824150035973097, 0.34655678142712804, 0.40943460009756855, 0.32179531505850467, 0.3304895875184063, 0.2922933707001493, 0.30015974506188436, 0.2736219243445399, 0.26512326585202456, 0.23238228038400047, 0.20605608260259103, 0.30534158169891584, 0.21443634685836716, 0.19608223472538028, 0.16963744234467154, 0.13520966459227302, 0.1366580053939204, 0.1103002805636856, 0.11836812949768866, 0.09260578201467119, 0.08838943244579932, 0.08204626936534197, 0.0771762219170834, 0.058819780569335824, 0.06901027046461113, 0.08300291042647491, 0.05430942899796039, 0.037782911433897864, 0.03672223712251794, 0.042176729635810595, 0.035252665403100215, 0.02501366522750247, 0.026118414293031526, 0.03402476098549848, 0.018160347762483167, 0.026583465813058045, 0.018741890074928384, 0.012813729199260646, 0.01617503279534383, 0.011319556714265598, 0.00915556342512904, 0.008796472392724082, 0.00730675233949336, 0.009366833222051967, 0.007104602169718148, 0.00719727047987875, 0.006545682668702671, 0.004462276766554616, 0.0038169712608359077, 0.0034326270322674285, 0.004722153581348522, 0.0028084187649235043, 0.0030743969327377274, 0.0019265199826890755, 0.001965543878458949, 0.0016821970942860526, 0.002219378666334305, 0.0011829144918062131, 0.0011052485631299549, 0.0009328341539332252, 0.0009244356754684737, 0.0008126192006960435, 0.0010415284165002255, 0.0005494861029680427, 0.0007757312793896812, 0.0004645103454477947, 0.0003882527072888934, 0.0003906888733926815, 0.0005652693114369313, 0.00029016503991177115, 0.00023800988286198642, 0.0002096635505442308, 0.00020322154203849952, 0.00015277538566273944, 0.00022570951963997893, 0.00011790815208122902, 0.00011762945441284914, 9.255998915156955e-05, 0.00010999232432634, 0.00013362088145428417, 6.928439982748833e-05, 5.5111458685157464e-05, 7.866435644502441e-05, 7.472523144924955e-05, 3.723641079177468e-05, 3.881087602904834e-05, 3.0853273463053116e-05, 2.75494093126081e-05, 3.253931755762562e-05, 2.2943773075630815e-05, 2.060884240547831e-05, 1.8060111774082438e-05, 1.9885028988514673e-05, 1.4881175832166822e-05, 1.4634675096655901e-05, 1.438448482352474e-05, 1.1698538123470807e-05, 1.2470780237583637e-05, 9.607550459981783e-06, 1.3561107699119335e-05, 8.058129931257585e-06, 8.158904325555179e-06, 7.220265532268764e-06, 7.186258072238126e-06, 6.61797205689796e-06, 6.248826908517501e-06], "probs": [{"probs": [0.007958004251122475, 0.9903339743614197, 0.001579848350957036, 0.00012818878167308867], "url": "..\\image\\test\\gum\\candy_00_t6gm0hsk.jpg", "property": {"label": "chocolate", "lid": 0}}, {"probs": [0.004370422102510929, 0.9896001815795898, 0.005873262882232666, 0.0001561492681503296], "url": "..\\image\\test\\gum\\candy_01_r6o27aao.jpg", "property": {"label": "chocolate", "lid": 0}}, {"probs": [0.013168338686227798, 0.9861624240875244, 0.0005554548115469515, 0.00011384850949980319], "url": "..\\image\\test\\gum\\candy_02_7b4l8134.jpg", "property": {"label": "chocolate", "lid": 0}}, {"probs": [3.08422495436389e-05, 0.9936726093292236, 0.00553556764498353, 0.0007611260516569018], "url": "..\\image\\test\\gum\\candy_03_38a6r90f.jpg", "property": {"label": "chocolate", "lid": 0}}, {"probs": [6.483540801127674e-06, 8.208158760680817e-06, 0.9999852180480957, 1.7836836718743143e-07], "url": "..\\image\\test\\liquorice\\candy_03_87gtnntr.jpg", "property": {"label": "gum", "lid": 1}}, {"probs": [1.6411408978456166e-06, 5.2154879085719585e-05, 0.9999418258666992, 4.436086328496458e-06], "url": "..\\image\\test\\liquorice\\candy_03_a64uy280.jpg", "property": {"label": "gum", "lid": 1}}, {"probs": [9.390814739163034e-07, 2.80275744444225e-05, 0.999964714050293, 6.364650289469864e-06], "url": "..\\image\\test\\liquorice\\candy_03_h2vntke7.jpg", "property": {"label": "gum", "lid": 1}}, {"probs": [3.1633139769837726e-06, 8.220730762786843e-08, 0.9999966621398926, 6.379419659197083e-08], "url": "..\\image\\test\\liquorice\\candy_03_npj4qkm1.jpg", "property": {"label": "gum", "lid": 1}}, {"probs": [0.016553916037082672, 0.020573154091835022, 0.9628384709358215, 3.440316140768118e-05], "url": "..\\image\\test\\liquorice\\candy_04_1achlwyn.jpg", "property": {"label": "gum", "lid": 1}}, {"probs": [2.9191362868608017e-13, 2.1927587567915907e-06, 1.345889631920727e-05, 0.9999843835830688], "url": "..\\image\\test\\smurf\\candy_00_rre718sw.jpg", "property": {"label": "liquorice", "lid": 2}}, {"probs": [7.86091213688311e-15, 2.0711884474167164e-07, 2.0288409814384067e-06, 0.9999977350234985], "url": "..\\image\\test\\smurf\\candy_01_8mw5yk4j.jpg", "property": {"label": "liquorice", "lid": 2}}, {"probs": [3.302670796850673e-17, 3.801409409476264e-09, 2.0269872891276464e-07, 0.9999997615814209], "url": "..\\image\\test\\smurf\\candy_02_vrz0p3j6.jpg", "property": {"label": "liquorice", "lid": 2}}, {"probs": [1.2909291394715074e-15, 5.31505897072293e-08, 1.1840706974908244e-06, 0.9999988079071045], "url": "..\\image\\test\\smurf\\candy_03_cs2342mg.jpg", "property": {"label": "liquorice", "lid": 2}}]}