{"epoch": 108, "loss": [0.9891600649206752, 1.0, 0.8943431317838255, 0.8589716864460579, 0.8466961936964176, 0.7854257235552877, 0.8431023305291391, 0.7300520037017384, 0.6616371256115365, 0.6416339294279785, 0.6626540457488634, 0.6344303343786649, 0.5837501074945135, 0.5571972595851645, 0.6620717921493301, 0.5360091993664375, 0.5298613146460783, 0.49581314379996894, 0.6034570876692793, 0.4711779659529512, 0.4330467667854336, 0.4371584870254423, 0.4810969144887056, 0.3881391856191616, 0.4018576494538397, 0.36824150035973097, 0.34655678142712804, 0.40943460009756855, 0.32179531505850467, 0.3304895875184063, 0.2922933707001493, 0.30015974506188436, 0.2736219243445399, 0.26512326585202456, 0.23238228038400047, 0.20605608260259103, 0.30534158169891584, 0.21443634685836716, 0.19608223472538028, 0.16963744234467154, 0.13520966459227302, 0.1366580053939204, 0.1103002805636856, 0.11836812949768866, 0.09260578201467119, 0.08838943244579932, 0.08204626936534197, 0.0771762219170834, 0.058819780569335824, 0.06901027046461113, 0.08300291042647491, 0.05430942899796039, 0.037782911433897864, 0.03672223712251794, 0.042176729635810595, 0.035252665403100215, 0.02501366522750247, 0.026118414293031526, 0.03402476098549848, 0.018160347762483167, 0.026583465813058045, 0.018741890074928384, 0.012813729199260646, 0.01617503279534383, 0.011319556714265598, 0.00915556342512904, 0.008796472392724082, 0.00730675233949336, 0.009366833222051967, 0.007104602169718148, 0.00719727047987875, 0.006545682668702671, 0.004462276766554616, 0.0038169712608359077, 0.0034326270322674285, 0.004722153581348522, 0.0028084187649235043, 0.0030743969327377274, 0.0019265199826890755, 0.001965543878458949, 0.0016821970942860526, 0.002219378666334305, 0.0011829144918062131, 0.0011052485631299549, 0.0009328341539332252, 0.0009244356754684737, 0.0008126192006960435, 0.0010415284165002255, 0.0005494861029680427, 0.0007757312793896812, 0.0004645103454477947, 0.0003882527072888934, 0.0003906888733926815, 0.0005652693114369313, 0.00029016503991177115, 0.00023800988286198642, 0.0002096635505442308, 0.00020322154203849952, 0.00015277538566273944, 0.00022570951963997893, 0.00011790815208122902, 0.00011762945441284914, 9.255998915156955e-05, 0.00010999232432634, 0.00013362088145428417, 6.928439982748833e-05, 5.5111458685157464e-05, 7.866435644502441e-05, 7.472523144924955e-05], "probs": [{"probs": [0.021392205730080605, 0.9567022919654846, 0.021159449592232704, 0.0007460911874659359], "url": "..\\image\\test\\gum\\candy_00_t6gm0hsk.jpg", "property": {"label": "chocolate", "lid": 0}}, {"probs": [0.010215649381279945, 0.9251920580863953, 0.06382190436124802, 0.0007704248419031501], "url": "..\\image\\test\\gum\\candy_01_r6o27aao.jpg", "property": {"label": "chocolate", "lid": 0}}, {"probs": [0.039897315204143524, 0.9485123157501221, 0.010811280459165573, 0.0007791047100909054], "url": "..\\image\\test\\gum\\candy_02_7b4l8134.jpg", "property": {"label": "chocolate", "lid": 0}}, {"probs": [0.0001956524356501177, 0.9186790585517883, 0.07477901875972748, 0.006346297916024923], "url": "..\\image\\test\\gum\\candy_03_38a6r90f.jpg", "property": {"label": "chocolate", "lid": 0}}, {"probs": [3.21430138683354e-06, 8.013036676857155e-06, 0.9999876022338867, 1.2497828265622957e-06], "url": "..\\image\\test\\liquorice\\candy_03_87gtnntr.jpg", "property": {"label": "gum", "lid": 1}}, {"probs": [9.645565341998008e-07, 3.7946319935144857e-05, 0.9999423027038574, 1.881164644146338e-05], "url": "..\\image\\test\\liquorice\\candy_03_a64uy280.jpg", "property": {"label": "gum", "lid": 1}}, {"probs": [6.219255510586663e-07, 2.2698759494232945e-05, 0.9999521970748901, 2.448138184263371e-05], "url": "..\\image\\test\\liquorice\\candy_03_h2vntke7.jpg", "property": {"label": "gum", "lid": 1}}, {"probs": [2.029691131610889e-06, 2.0543127732253197e-07, 0.9999971389770508, 5.689622071258782e-07], "url": "..\\image\\test\\liquorice\\candy_03_npj4qkm1.jpg", "property": {"label": "gum", "lid": 1}}, {"probs": [0.003840347519144416, 0.0074964892119169235, 0.9886292219161987, 3.399799970793538e-05], "url": "..\\image\\test\\liquorice\\candy_04_1achlwyn.jpg", "property": {"label": "gum", "lid": 1}}, {"probs": [3.479632380842812e-12, 3.9751962503942195e-06, 0.00012593025167007, 0.9998700618743896], "url": "..\\image\\test\\smurf\\candy_00_rre718sw.jpg", "property": {"label": "liquorice", "lid": 2}}, {"probs": [1.1201069504427133e-13, 5.147218189449632e-07, 1.788319059414789e-05, 0.9999816417694092], "url": "..\\image\\test\\smurf\\candy_01_8mw5yk4j.jpg", "property": {"label": "liquorice", "lid": 2}}, {"probs": [1.1369123975184291e-15, 2.2223430207191086e-08, 2.576127144493512e-06, 0.9999973773956299], "url": "..\\image\\test\\smurf\\candy_02_vrz0p3j6.jpg", "property": {"label": "liquorice", "lid": 2}}, {"probs": [2.6843973346805418e-14, 1.4273047099777614e-07, 1.6628757293801755e-05, 0.9999831914901733], "url": "..\\image\\test\\smurf\\candy_03_cs2342mg.jpg", "property": {"label": "liquorice", "lid": 2}}]}