{"epoch": 113, "loss": [0.9891600649206752, 1.0, 0.8943431317838255, 0.8589716864460579, 0.8466961936964176, 0.7854257235552877, 0.8431023305291391, 0.7300520037017384, 0.6616371256115365, 0.6416339294279785, 0.6626540457488634, 0.6344303343786649, 0.5837501074945135, 0.5571972595851645, 0.6620717921493301, 0.5360091993664375, 0.5298613146460783, 0.49581314379996894, 0.6034570876692793, 0.4711779659529512, 0.4330467667854336, 0.4371584870254423, 0.4810969144887056, 0.3881391856191616, 0.4018576494538397, 0.36824150035973097, 0.34655678142712804, 0.40943460009756855, 0.32179531505850467, 0.3304895875184063, 0.2922933707001493, 0.30015974506188436, 0.2736219243445399, 0.26512326585202456, 0.23238228038400047, 0.20605608260259103, 0.30534158169891584, 0.21443634685836716, 0.19608223472538028, 0.16963744234467154, 0.13520966459227302, 0.1366580053939204, 0.1103002805636856, 0.11836812949768866, 0.09260578201467119, 0.08838943244579932, 0.08204626936534197, 0.0771762219170834, 0.058819780569335824, 0.06901027046461113, 0.08300291042647491, 0.05430942899796039, 0.037782911433897864, 0.03672223712251794, 0.042176729635810595, 0.035252665403100215, 0.02501366522750247, 0.026118414293031526, 0.03402476098549848, 0.018160347762483167, 0.026583465813058045, 0.018741890074928384, 0.012813729199260646, 0.01617503279534383, 0.011319556714265598, 0.00915556342512904, 0.008796472392724082, 0.00730675233949336, 0.009366833222051967, 0.007104602169718148, 0.00719727047987875, 0.006545682668702671, 0.004462276766554616, 0.0038169712608359077, 0.0034326270322674285, 0.004722153581348522, 0.0028084187649235043, 0.0030743969327377274, 0.0019265199826890755, 0.001965543878458949, 0.0016821970942860526, 0.002219378666334305, 0.0011829144918062131, 0.0011052485631299549, 0.0009328341539332252, 0.0009244356754684737, 0.0008126192006960435, 0.0010415284165002255, 0.0005494861029680427, 0.0007757312793896812, 0.0004645103454477947, 0.0003882527072888934, 0.0003906888733926815, 0.0005652693114369313, 0.00029016503991177115, 0.00023800988286198642, 0.0002096635505442308, 0.00020322154203849952, 0.00015277538566273944, 0.00022570951963997893, 0.00011790815208122902, 0.00011762945441284914, 9.255998915156955e-05, 0.00010999232432634, 0.00013362088145428417, 6.928439982748833e-05, 5.5111458685157464e-05, 7.866435644502441e-05, 7.472523144924955e-05, 3.723641079177468e-05, 3.881087602904834e-05, 3.0853273463053116e-05, 2.75494093126081e-05, 3.253931755762562e-05], "probs": [{"probs": [0.0028786598704755306, 0.9953967928886414, 0.001542555750347674, 0.00018194140284322202], "url": "..\\image\\test\\gum\\candy_00_t6gm0hsk.jpg", "property": {"label": "chocolate", "lid": 0}}, {"probs": [0.0018928516656160355, 0.99139004945755, 0.006488977465778589, 0.0002282179775647819], "url": "..\\image\\test\\gum\\candy_01_r6o27aao.jpg", "property": {"label": "chocolate", "lid": 0}}, {"probs": [0.004811481107026339, 0.9943490624427795, 0.0006646873662248254, 0.0001748938811942935], "url": "..\\image\\test\\gum\\candy_02_7b4l8134.jpg", "property": {"label": "chocolate", "lid": 0}}, {"probs": [5.232007606537081e-05, 0.9911842942237854, 0.006478937342762947, 0.00228434382006526], "url": "..\\image\\test\\gum\\candy_03_38a6r90f.jpg", "property": {"label": "chocolate", "lid": 0}}, {"probs": [4.634242486645235e-06, 8.590933430241421e-05, 0.9999045133590698, 4.8504507503821515e-06], "url": "..\\image\\test\\liquorice\\candy_03_87gtnntr.jpg", "property": {"label": "gum", "lid": 1}}, {"probs": [1.2405031384332688e-06, 0.00044482634984888136, 0.9994692206382751, 8.470509055769071e-05], "url": "..\\image\\test\\liquorice\\candy_03_a64uy280.jpg", "property": {"label": "gum", "lid": 1}}, {"probs": [7.652732278984331e-07, 0.00022028133389540017, 0.9996774196624756, 0.00010151294554816559], "url": "..\\image\\test\\liquorice\\candy_03_h2vntke7.jpg", "property": {"label": "gum", "lid": 1}}, {"probs": [2.855249704225571e-06, 1.0973953976645134e-06, 0.9999946355819702, 1.4650767070634174e-06], "url": "..\\image\\test\\liquorice\\candy_03_npj4qkm1.jpg", "property": {"label": "gum", "lid": 1}}, {"probs": [0.007338359486311674, 0.07874754071235657, 0.9138181805610657, 9.585438965586945e-05], "url": "..\\image\\test\\liquorice\\candy_04_1achlwyn.jpg", "property": {"label": "gum", "lid": 1}}, {"probs": [1.2188604075688558e-12, 4.36682330473559e-06, 2.924077671195846e-05, 0.9999663829803467], "url": "..\\image\\test\\smurf\\candy_00_rre718sw.jpg", "property": {"label": "liquorice", "lid": 2}}, {"probs": [4.8976068426492825e-14, 4.59976916999949e-07, 7.98811834101798e-06, 0.9999915361404419], "url": "..\\image\\test\\smurf\\candy_01_8mw5yk4j.jpg", "property": {"label": "liquorice", "lid": 2}}, {"probs": [3.1690300412487275e-16, 1.2068683830079863e-08, 1.0323985861759866e-06, 0.999998927116394], "url": "..\\image\\test\\smurf\\candy_02_vrz0p3j6.jpg", "property": {"label": "liquorice", "lid": 2}}, {"probs": [8.812792516414442e-15, 1.4302659678833152e-07, 4.01029546992504e-06, 0.9999958276748657], "url": "..\\image\\test\\smurf\\candy_03_cs2342mg.jpg", "property": {"label": "liquorice", "lid": 2}}]}