{"epoch": 125, "loss": [0.9891600649206752, 1.0, 0.8943431317838255, 0.8589716864460579, 0.8466961936964176, 0.7854257235552877, 0.8431023305291391, 0.7300520037017384, 0.6616371256115365, 0.6416339294279785, 0.6626540457488634, 0.6344303343786649, 0.5837501074945135, 0.5571972595851645, 0.6620717921493301, 0.5360091993664375, 0.5298613146460783, 0.49581314379996894, 0.6034570876692793, 0.4711779659529512, 0.4330467667854336, 0.4371584870254423, 0.4810969144887056, 0.3881391856191616, 0.4018576494538397, 0.36824150035973097, 0.34655678142712804, 0.40943460009756855, 0.32179531505850467, 0.3304895875184063, 0.2922933707001493, 0.30015974506188436, 0.2736219243445399, 0.26512326585202456, 0.23238228038400047, 0.20605608260259103, 0.30534158169891584, 0.21443634685836716, 0.19608223472538028, 0.16963744234467154, 0.13520966459227302, 0.1366580053939204, 0.1103002805636856, 0.11836812949768866, 0.09260578201467119, 0.08838943244579932, 0.08204626936534197, 0.0771762219170834, 0.058819780569335824, 0.06901027046461113, 0.08300291042647491, 0.05430942899796039, 0.037782911433897864, 0.03672223712251794, 0.042176729635810595, 0.035252665403100215, 0.02501366522750247, 0.026118414293031526, 0.03402476098549848, 0.018160347762483167, 0.026583465813058045, 0.018741890074928384, 0.012813729199260646, 0.01617503279534383, 0.011319556714265598, 0.00915556342512904, 0.008796472392724082, 0.00730675233949336, 0.009366833222051967, 0.007104602169718148, 0.00719727047987875, 0.006545682668702671, 0.004462276766554616, 0.0038169712608359077, 0.0034326270322674285, 0.004722153581348522, 0.0028084187649235043, 0.0030743969327377274, 0.0019265199826890755, 0.001965543878458949, 0.0016821970942860526, 0.002219378666334305, 0.0011829144918062131, 0.0011052485631299549, 0.0009328341539332252, 0.0009244356754684737, 0.0008126192006960435, 0.0010415284165002255, 0.0005494861029680427, 0.0007757312793896812, 0.0004645103454477947, 0.0003882527072888934, 0.0003906888733926815, 0.0005652693114369313, 0.00029016503991177115, 0.00023800988286198642, 0.0002096635505442308, 0.00020322154203849952, 0.00015277538566273944, 0.00022570951963997893, 0.00011790815208122902, 0.00011762945441284914, 9.255998915156955e-05, 0.00010999232432634, 0.00013362088145428417, 6.928439982748833e-05, 5.5111458685157464e-05, 7.866435644502441e-05, 7.472523144924955e-05, 3.723641079177468e-05, 3.881087602904834e-05, 3.0853273463053116e-05, 2.75494093126081e-05, 3.253931755762562e-05, 2.2943773075630815e-05, 2.060884240547831e-05, 1.8060111774082438e-05, 1.9885028988514673e-05, 1.4881175832166822e-05, 1.4634675096655901e-05, 1.438448482352474e-05, 1.1698538123470807e-05, 1.2470780237583637e-05, 9.607550459981783e-06, 1.3561107699119335e-05, 8.058129931257585e-06], "probs": [{"probs": [0.00570638058707118, 0.9916254878044128, 0.0025151618756353855, 0.00015297373465728015], "url": "..\\image\\test\\gum\\candy_00_t6gm0hsk.jpg", "property": {"label": "chocolate", "lid": 0}}, {"probs": [0.003349476493895054, 0.9877819418907166, 0.008683685213327408, 0.00018490113143343478], "url": "..\\image\\test\\gum\\candy_01_r6o27aao.jpg", "property": {"label": "chocolate", "lid": 0}}, {"probs": [0.008764210157096386, 0.9900475740432739, 0.0010496721370145679, 0.0001384984643664211], "url": "..\\image\\test\\gum\\candy_02_7b4l8134.jpg", "property": {"label": "chocolate", "lid": 0}}, {"probs": [3.693737744470127e-05, 0.9880290627479553, 0.00985198188573122, 0.0020819753408432007], "url": "..\\image\\test\\gum\\candy_03_38a6r90f.jpg", "property": {"label": "chocolate", "lid": 0}}, {"probs": [3.2796697269077413e-06, 7.9762785389903e-06, 0.999988317489624, 4.398510782266385e-07], "url": "..\\image\\test\\liquorice\\candy_03_87gtnntr.jpg", "property": {"label": "gum", "lid": 1}}, {"probs": [7.934357313388318e-07, 4.7413966967724264e-05, 0.9999415874481201, 1.0229589861410204e-05], "url": "..\\image\\test\\liquorice\\candy_03_a64uy280.jpg", "property": {"label": "gum", "lid": 1}}, {"probs": [5.108690857014153e-07, 2.70250384346582e-05, 0.9999586343765259, 1.3863618733012117e-05], "url": "..\\image\\test\\liquorice\\candy_03_h2vntke7.jpg", "property": {"label": "gum", "lid": 1}}, {"probs": [2.293058741997811e-06, 1.073330153644747e-07, 0.9999974966049194, 1.4417942395539285e-07], "url": "..\\image\\test\\liquorice\\candy_03_npj4qkm1.jpg", "property": {"label": "gum", "lid": 1}}, {"probs": [0.008409079164266586, 0.01836014725267887, 0.9731993079185486, 3.149593248963356e-05], "url": "..\\image\\test\\liquorice\\candy_04_1achlwyn.jpg", "property": {"label": "gum", "lid": 1}}, {"probs": [2.038423276744597e-13, 1.3406872767518507e-06, 1.1830706171167549e-05, 0.9999868869781494], "url": "..\\image\\test\\smurf\\candy_00_rre718sw.jpg", "property": {"label": "liquorice", "lid": 2}}, {"probs": [6.664067711423466e-15, 1.417460993025088e-07, 2.1372582068579504e-06, 0.9999977350234985], "url": "..\\image\\test\\smurf\\candy_01_8mw5yk4j.jpg", "property": {"label": "liquorice", "lid": 2}}, {"probs": [3.969491198003965e-17, 3.741945864277341e-09, 2.5389564939359843e-07, 0.9999997615814209], "url": "..\\image\\test\\smurf\\candy_02_vrz0p3j6.jpg", "property": {"label": "liquorice", "lid": 2}}, {"probs": [9.047308199180135e-16, 3.260123904169632e-08, 1.0581277365417918e-06, 0.999998927116394], "url": "..\\image\\test\\smurf\\candy_03_cs2342mg.jpg", "property": {"label": "liquorice", "lid": 2}}]}