{"epoch": 262, "loss": [1.0, 0.964569355382555, 0.9348853234889495, 0.8762078497175484, 0.8475952917386927, 0.7902553809161772, 0.7508958054933026, 0.7232921511928652, 0.7743677550742724, 0.6603066835440775, 0.8268468855002747, 0.6213355650050958, 0.600862310553298, 0.5859932304963359, 0.7567721935221267, 0.5617366286329016, 0.5428496041604903, 0.5218424335783007, 0.5439684195768034, 0.5238885051358081, 0.5055981739422775, 0.48141320506765944, 0.49072383831652294, 0.432823485225065, 0.4143982059226205, 0.40711340822229186, 0.40155972039380844, 0.41666232151136584, 0.372694522671034, 0.3912768483007794, 0.4096780844105594, 0.35600325001063526, 0.340381651129219, 0.3272628203186414, 0.32776123032286075, 0.3272426877657476, 0.300906535957774, 0.30391679747653244, 0.3085748246502233, 0.27892811970977344, 0.28270048008586357, 0.26757451858576037, 0.2591539593634455, 0.2607747229818657, 0.25296352006245104, 0.28436026733712827, 0.24197081512299437, 0.24502916302708183, 0.23440908619149373, 0.23970837552272217, 0.23457082942476268, 0.2260255642453144, 0.21986949305362782, 0.2173139623827077, 0.22088147972318795, 0.2155250412541459, 0.20930598600181322, 0.20721573869874765, 0.21063903826567223, 0.20304176182556777, 0.20185216176028284, 0.20116539961938096, 0.2034431507192846, 0.19566662627741357, 0.1943722252045161, 0.19353141696259243, 0.2055928645763242, 0.1921627344252667, 0.18877518927910314, 0.1878128408360509, 0.187276441759773, 0.1845409182033205, 0.18396290909223334, 0.182336869213805, 0.18760383886608165, 0.18016083613037187, 0.17929824003829695, 0.17853036833177985, 0.17712400709063134, 0.17637875088289418, 0.17509132274969372, 0.1733937119560962, 0.17319700056826354, 0.17237112103848054, 0.17112161990369149, 0.17021797243963172, 0.16930252063700474, 0.16919867142531522, 0.16770331726536286, 0.16668112982645367, 0.16536252003116594, 0.1645856476458114, 0.16360757387881336, 0.16367196494212832, 0.16914066360204932, 0.16104752217725882, 0.16048228989187763, 0.15965266525204963, 0.1582769890838112, 0.1573687688610777, 0.15701477319696333, 0.15604184119707126, 0.15496762569623873, 0.1539512628345542, 0.15324955129029594, 0.15253947014927968, 0.15174805183927528, 0.15079473511188402, 0.1500886163386778, 0.14932466561753927, 0.14857499183524628, 0.14774001851615512, 0.1474104384865882, 0.14759881131448646, 0.14511243068649646, 0.14434561423198097, 0.14314906191821475, 0.1423782830958892, 0.14157426383551244, 0.14098690229492067, 0.14036640377235624, 0.13941785637018803, 0.13849086921479817, 0.1376008469162888, 0.1369771826377195, 0.13602116570667702, 0.1351291880882823, 0.13458051912108351, 0.1338968503169315, 0.1331747889620144, 0.13207731653471463, 0.13158766926035195, 0.1310288719430591, 0.1310980530228128, 0.1297138934561299, 0.12971029318459495, 0.12841336778337986, 0.12734251460510151, 0.1264306320371859, 0.12580990591124858, 0.12515731531310528, 0.1244678426229443, 0.12351737093771431, 0.12291870164773255, 0.12228726781766106, 0.12162219007083183, 0.12096346452722807, 0.12029669010070994, 0.11960966931961158, 0.11891076143508313, 0.11822141289221648, 0.11724851192914798, 0.11640930725644245, 0.1155047700701068, 0.1150740410325016, 0.11424982714558389, 0.11383747190753642, 0.11337654404059054, 0.11262281478001679, 0.11178728279810124, 0.11119284486173385, 0.11042990801016551, 0.10986527577004014, 0.1094397402275802, 0.10894980327619744, 0.10852901636774481, 0.10756487813453296, 0.10696679854419917, 0.10652781371152241, 0.10604190120159683, 0.10550078452813517, 0.10468557132005488, 0.10393162480171608, 0.10310332439969404, 0.10355792075463016, 0.10208173700604067, 0.10161027731029425, 0.10088616752502105, 0.10038906106739195, 0.09985820723692651, 0.09928692277094775, 0.09850044966149998, 0.09797730330888955, 0.09745688819675392, 0.09656494161518278, 0.09599880926191785, 0.0953949775136144, 0.09497582521120351, 0.09451820793877254, 0.09376669263828064, 0.09307196437932726, 0.09259564224788705, 0.09209610457241106, 0.09157407554544941, 0.0910056361216319, 0.09044094180785939, 0.08988176170307575, 0.08933978634416179, 0.08876981577038114, 0.0882182500329818, 0.08745930658604707, 0.08697800821722665, 0.08629576193415525, 0.08583686180634975, 0.08533264274331752, 0.08463359519308297, 0.0839001536695209, 0.08339828305947268, 0.08302458935799462, 0.08244738720432046, 0.08204599831060362, 0.08140371193788795, 0.08096564269150672, 0.08048998785177343, 0.08000517714908484, 0.07928736266619392, 0.07883220247562947, 0.0782372265676534, 0.07782683182229523, 0.07738933158434626, 0.07672322444953504, 0.07629326615971532, 0.07583143822488571, 0.0753506157540268, 0.07467070757833157, 0.07425339162131565, 0.07355037135766322, 0.07324220673636461, 0.07265291573990712, 0.07236530266862058, 0.07181065911288316, 0.0713973417333048, 0.07115983244087981, 0.07060450607502369, 0.07025131736832234, 0.06986738668786771, 0.06928790850046455, 0.06867193100853455, 0.06824704206656579, 0.06781227306909161, 0.06749065398477226, 0.0669827518853422, 0.06662546114512471, 0.0662524243897457, 0.06583001839366312, 0.06518618535257252, 0.06489821018501092, 0.06457595484580823, 0.06422393001999102, 0.06384258056869724, 0.06342488699699447, 0.06282893342907572, 0.062449425495980856, 0.06204429666502296, 0.06146862048850801, 0.06110838642285462, 0.06071434808352166, 0.06016572049875431, 0.059809779860362434, 0.05927631376391257, 0.05879017365061409, 0.058314782623881206, 0.057868680012997394], "probs": [{"probs": [1.0, 3.931144476609916e-08, 3.931144476609916e-08, 3.931144476609916e-08], "url": "..\\image\\test\\chocolate\\candy_02_10zjgsrj.jpg", "property": {"label": "chocolate", "lid": 0}}, {"probs": [1.0, 4.266866682200998e-08, 4.266866682200998e-08, 4.266866682200998e-08], "url": "..\\image\\test\\chocolate\\candy_02_41odj63m.jpg", "property": {"label": "chocolate", "lid": 0}}, {"probs": [0.9999996423721313, 9.151344926294769e-08, 9.151344926294769e-08, 9.151344926294769e-08], "url": "..\\image\\test\\chocolate\\candy_02_7t35qa5t.jpg", "property": {"label": "chocolate", "lid": 0}}, {"probs": [0.9997466206550598, 0.00017730557010509074, 3.800607009907253e-05, 3.800607009907253e-05], "url": "..\\image\\test\\chocolate\\candy_02_9fzdvuty.jpg", "property": {"label": "chocolate", "lid": 0}}, {"probs": [0.0030944496393203735, 0.9955653548240662, 0.0006700642989017069, 0.0006700642989017069], "url": "..\\image\\test\\gum\\candy_00_t6gm0hsk.jpg", "property": {"label": "gum", "lid": 1}}, {"probs": [1.3646606021211483e-05, 0.9993507266044617, 0.0006218479829840362, 1.3646606021211483e-05], "url": "..\\image\\test\\gum\\candy_01_r6o27aao.jpg", "property": {"label": "gum", "lid": 1}}, {"probs": [0.00010261322313454002, 0.9997414946556091, 8.143427112372592e-05, 7.454528531525284e-05], "url": "..\\image\\test\\gum\\candy_02_7b4l8134.jpg", "property": {"label": "gum", "lid": 1}}, {"probs": [0.004810438957065344, 0.9870964288711548, 0.004046562127768993, 0.004046562127768993], "url": "..\\image\\test\\gum\\candy_03_38a6r90f.jpg", "property": {"label": "gum", "lid": 1}}, {"probs": [3.891268196554165e-09, 6.960875964523439e-08, 0.9999998807907104, 3.891268196554165e-09], "url": "..\\image\\test\\liquorice\\candy_03_87gtnntr.jpg", "property": {"label": "liquorice", "lid": 2}}, {"probs": [5.926303856540471e-05, 5.802432951895753e-06, 0.9999290704727173, 5.802432951895753e-06], "url": "..\\image\\test\\liquorice\\candy_03_a64uy280.jpg", "property": {"label": "liquorice", "lid": 2}}, {"probs": [1.8586837313705473e-06, 7.596370892315463e-07, 0.9999966621398926, 6.889163159939926e-07], "url": "..\\image\\test\\liquorice\\candy_03_h2vntke7.jpg", "property": {"label": "liquorice", "lid": 2}}, {"probs": [1.1457385085122951e-07, 1.0449148213353965e-08, 0.9999998807907104, 1.0449148213353965e-08], "url": "..\\image\\test\\liquorice\\candy_03_npj4qkm1.jpg", "property": {"label": "liquorice", "lid": 2}}, {"probs": [7.497616024920717e-06, 0.000165544988703914, 0.9998233914375305, 3.544467972460552e-06],