{"epoch": 1145, "loss": [0.9891600649206752, 1.0, 0.8943431317838255, 0.8589716864460579, 0.8466961936964176, 0.7854257235552877, 0.8431023305291391, 0.7300520037017384, 0.6616371256115365, 0.6416339294279785, 0.6626540457488634, 0.6344303343786649, 0.5837501074945135, 0.5571972595851645, 0.6620717921493301, 0.5360091993664375, 0.5298613146460783, 0.49581314379996894, 0.6034570876692793, 0.4711779659529512, 0.4330467667854336, 0.4371584870254423, 0.4810969144887056, 0.3881391856191616, 0.4018576494538397, 0.36824150035973097, 0.34655678142712804, 0.40943460009756855, 0.32179531505850467, 0.3304895875184063, 0.2922933707001493, 0.30015974506188436, 0.2736219243445399, 0.26512326585202456, 0.23238228038400047, 0.20605608260259103, 0.30534158169891584, 0.21443634685836716, 0.19608223472538028, 0.16963744234467154, 0.13520966459227302, 0.1366580053939204, 0.1103002805636856, 0.11836812949768866, 0.09260578201467119, 0.08838943244579932, 0.08204626936534197, 0.0771762219170834, 0.058819780569335824, 0.06901027046461113, 0.08300291042647491, 0.05430942899796039, 0.037782911433897864, 0.03672223712251794, 0.042176729635810595, 0.035252665403100215, 0.02501366522750247, 0.026118414293031526, 0.03402476098549848, 0.018160347762483167, 0.026583465813058045, 0.018741890074928384, 0.012813729199260646, 0.01617503279534383, 0.011319556714265598, 0.00915556342512904, 0.008796472392724082, 0.00730675233949336, 0.009366833222051967, 0.007104602169718148, 0.00719727047987875, 0.006545682668702671, 0.004462276766554616, 0.0038169712608359077, 0.0034326270322674285, 0.004722153581348522, 0.0028084187649235043, 0.0030743969327377274, 0.0019265199826890755, 0.001965543878458949, 0.0016821970942860526, 0.002219378666334305, 0.0011829144918062131, 0.0011052485631299549, 0.0009328341539332252, 0.0009244356754684737, 0.0008126192006960435, 0.0010415284165002255, 0.0005494861029680427, 0.0007757312793896812, 0.0004645103454477947, 0.0003882527072888934, 0.0003906888733926815, 0.0005652693114369313, 0.00029016503991177115, 0.00023800988286198642, 0.0002096635505442308, 0.00020322154203849952, 0.00015277538566273944, 0.00022570951963997893, 0.00011790815208122902, 0.00011762945441284914, 9.255998915156955e-05, 0.00010999232432634, 0.00013362088145428417, 6.928439982748833e-05, 5.5111458685157464e-05, 7.866435644502441e-05, 7.472523144924955e-05, 3.723641079177468e-05, 3.881087602904834e-05, 3.0853273463053116e-05, 2.75494093126081e-05, 3.253931755762562e-05, 2.2943773075630815e-05, 2.060884240547831e-05, 1.8060111774082438e-05, 1.9885028988514673e-05, 1.4881175832166822e-05, 1.4634675096655901e-05, 1.438448482352474e-05, 1.1698538123470807e-05, 1.2470780237583637e-05, 9.607550459981783e-06, 1.3561107699119335e-05, 8.058129931257585e-06, 8.158904325555179e-06, 7.220265532268764e-06, 7.186258072238126e-06, 6.61797205689796e-06, 6.248826908517501e-06, 5.379393544033925e-06, 5.107390117925564e-06, 5.4036708727833435e-06, 5.154738980232635e-06, 4.287733715498807e-06, 4.0060151388304225e-06, 3.878512692087367e-06, 3.7643657111549305e-06, 3.489935713941842e-06, 3.1523586138691246e-06, 2.9969262939658946e-06, 2.8560665470381965e-06, 2.6824195045348144e-06, 2.5670606138305324e-06, 2.4079856857091763e-06], "probs": [{"probs": [0.9999997615814209, 1.2691290862676397e-07, 1.1878385919317225e-07, 3.082448785107772e-08], "url": "..\\image\\train\\chocolate\\candy_00_0xzl5vqf.jpg", "property": {"label": "chocolate", "lid": 0}}, {"probs": [0.9999935626983643, 3.3028984489646973e-06, 1.5057905784487957e-06, 1.5057905784487957e-06], "url": "..\\image\\train\\chocolate\\candy_00_2cx9h97t.jpg", "property": {"label": "chocolate", "lid": 0}}, {"probs": [0.9999954700469971, 1.1183469723619055e-06, 2.6904795049631502e-06, 6.744029406036134e-07], "url": "..\\image\\train\\chocolate\\candy_00_2r0b6f9o.jpg", "property": {"label": "chocolate", "lid": 0}}, {"probs": [0.9999996423721313, 8.099543435946543e-08, 8.099543435946543e-08, 8.099543435946543e-08], "url": "..\\image\\train\\chocolate\\candy_00_c1d9ylmt.jpg", "property": {"label": "chocolate", "lid": 0}}, {"probs": [0.9999983310699463, 9.982982192013878e-07, 5.354161203285912e-07, 1.9771933068568615e-07], "url": "..\\image\\train\\chocolate\\candy_00_d06ykvnz.jpg", "property": {"label": "chocolate", "lid": 0}}, {"probs": [0.9999982118606567, 1.1258053973506321e-06, 4.005827065611811e-07, 4.005827065611811e-07], "url": "..\\image\\train\\chocolate\\candy_00_dbm2sxf9.jpg", "property": {"label": "chocolate", "lid": 0}}, {"probs": [0.9999988079071045, 7.629748779436341e-07, 2.1926513227299438e-07, 2.1926513227299438e-07], "url": "..\\image\\train\\chocolate\\candy_00_njo32e3f.jpg", "property": {"label": "chocolate", "lid": 0}}, {"probs": [0.9999978542327881, 8.134173299367831e-07, 9.755248129295069e-07, 3.706405209413788e-07], "url": "..\\image\\train\\chocolate\\candy_00_ntub52d6.jpg", "property": {"label": "chocolate", "lid": 0}}, {"probs": [0.9999995231628418, 2.0986607296435977e-07, 1.0747397283239479e-07, 1.0747397283239479e-07], "url": "..\\image\\train\\chocolate\\candy_00_o4cs6abr.jpg", "property": {"label": "chocolate", "lid": 0}}, {"probs": [1.0, 3.297561113058123e-09, 3.297561113058123e-09, 3.297561113058123e-09], "url": "..\\image\\train\\chocolate\\candy_01_ve2usf3x.jpg", "property": {"label": "chocolate", "lid": 0}}, {"probs": [0.9999951124191284, 2.7131168280902784e-06, 1.4388039062396274e-06, 7.552829401902272e-07], "url": "..\\image\\train\\chocolate\\candy_01_w0xhf55m.jpg", "property": {"label": "chocolate", "lid": 0}}, {"probs": [0.9999927282333374, 5.810771199321607e-06, 7.152638090701657e-07, 7.152638090701657e-07], "url": "..\\image\\train\\chocolate\\candy_01_xhnhh684.jpg", "property": {"label": "chocolate", "lid": 0}}, {"probs": [1.0, 1.4996091479702045e-08, 1.4996091479702045e-08, 1.4996091479702045e-08], "url": "..\\image\\train\\chocolate\\candy_01_ydjx4wrg.jpg", "property": {"label": "chocolate", "lid": 0}}, {"probs": [0.9999998807907104, 4.147904419937731e-08, 8.228240488961092e-08, 3.603390652529015e-08], "url": "..\\image\\train\\chocolate\\candy_02_ws2x097a.jpg", "property": {"label": "chocolate", "lid": 0}}, {"probs": [0.9999947547912598, 4.278172127669677e-06, 5.026917619943561e-07, 5.026917619943561e-07], "url": "..\\image\\train\\chocolate\\candy_03_2qqgeeyb.jpg", "property": {"label": "chocolate", "lid": 0}}, {"probs": [1.0, 8.517829996890214e-09, 8.517829996890214e-09, 8.517829996890214e-09], "url": "..\\image\\train\\chocolate\\candy_05_hutds71e.jpg", "property": {"label": "chocolate", "lid": 0}}, {"probs": [1.0, 7.847467120569718e-10, 7.847467120569718e-10, 7.847467120569718e-10], "url": "..\\image\\train\\chocolate\\candy_06_ta3kunkw.jpg", "property": {"label": "chocolate", "lid": 0}}, {"probs": [7.13012298092508e-07, 0.9999955892562866, 2.472165078870603e-06, 1.140416543421452e-06], "url": "..\\image\\train\\gum\\candy_01_lqy27fz5.jpg", "property": {"label": "gum", "lid": 1}}, {"probs": [3.6572615158547706e-07, 0.9999977350234985, 1.0924992466243566e-06, 8.623815119790379e-07], "url": "..\\image\\train\\gum\\candy_01_nqbgoy5r.jpg", "property": {"label": "gum", "lid": 1}}, {"probs": [1.8215392856291146e-06, 0.9999945163726807, 2.7591486286837608e-06, 9.114313002100971e-07], "url": "..\\image\\train\\gum\\candy_01_p34r94j4.jpg", "property": {"label": "gum", "lid": 1}}, {"probs": [2.213313337051659e-06, 0.9999904632568359, 6.033549198036781e-06, 1.1851261660922319e-06], "url": "..\\image\\train\\gum\\candy_01_pmvbb0gf.jpg", "property": {"label": "gum", "lid": 1}}, {"probs": [5.798884217256273e-08, 0.9999982118606567, 5.998898018333421e-07, 1.1466815976746147e-06], "url": "..\\image\\train\\gum\\candy_01_poodfv4i.jpg", "property": {"label": "gum", "lid": 1}}, {"probs": [1.1146769338665763e-06, 0.9999938011169434, 4.083217845618492e-06, 1.1146769338665763e-06], "url": "..\\image\\train\\gum\\candy_01_pyblpxpb.jpg", "property": {"label": "gum",