{"epoch": 1126, "loss": [0.9891600649206752, 1.0, 0.8943431317838255, 0.8589716864460579, 0.8466961936964176, 0.7854257235552877, 0.8431023305291391, 0.7300520037017384, 0.6616371256115365, 0.6416339294279785, 0.6626540457488634, 0.6344303343786649, 0.5837501074945135, 0.5571972595851645, 0.6620717921493301, 0.5360091993664375, 0.5298613146460783, 0.49581314379996894, 0.6034570876692793, 0.4711779659529512, 0.4330467667854336, 0.4371584870254423, 0.4810969144887056, 0.3881391856191616, 0.4018576494538397, 0.36824150035973097, 0.34655678142712804, 0.40943460009756855, 0.32179531505850467, 0.3304895875184063, 0.2922933707001493, 0.30015974506188436, 0.2736219243445399, 0.26512326585202456, 0.23238228038400047, 0.20605608260259103, 0.30534158169891584, 0.21443634685836716, 0.19608223472538028, 0.16963744234467154, 0.13520966459227302, 0.1366580053939204, 0.1103002805636856, 0.11836812949768866, 0.09260578201467119, 0.08838943244579932, 0.08204626936534197, 0.0771762219170834, 0.058819780569335824, 0.06901027046461113, 0.08300291042647491, 0.05430942899796039, 0.037782911433897864, 0.03672223712251794, 0.042176729635810595, 0.035252665403100215, 0.02501366522750247, 0.026118414293031526, 0.03402476098549848, 0.018160347762483167, 0.026583465813058045, 0.018741890074928384, 0.012813729199260646, 0.01617503279534383, 0.011319556714265598, 0.00915556342512904, 0.008796472392724082, 0.00730675233949336, 0.009366833222051967, 0.007104602169718148, 0.00719727047987875, 0.006545682668702671, 0.004462276766554616, 0.0038169712608359077, 0.0034326270322674285, 0.004722153581348522, 0.0028084187649235043, 0.0030743969327377274, 0.0019265199826890755, 0.001965543878458949, 0.0016821970942860526, 0.002219378666334305, 0.0011829144918062131, 0.0011052485631299549, 0.0009328341539332252, 0.0009244356754684737, 0.0008126192006960435, 0.0010415284165002255, 0.0005494861029680427, 0.0007757312793896812, 0.0004645103454477947, 0.0003882527072888934, 0.0003906888733926815, 0.0005652693114369313, 0.00029016503991177115, 0.00023800988286198642, 0.0002096635505442308, 0.00020322154203849952, 0.00015277538566273944, 0.00022570951963997893, 0.00011790815208122902, 0.00011762945441284914, 9.255998915156955e-05, 0.00010999232432634, 0.00013362088145428417, 6.928439982748833e-05, 5.5111458685157464e-05, 7.866435644502441e-05, 7.472523144924955e-05, 3.723641079177468e-05, 3.881087602904834e-05, 3.0853273463053116e-05, 2.75494093126081e-05, 3.253931755762562e-05, 2.2943773075630815e-05, 2.060884240547831e-05, 1.8060111774082438e-05, 1.9885028988514673e-05, 1.4881175832166822e-05, 1.4634675096655901e-05, 1.438448482352474e-05, 1.1698538123470807e-05, 1.2470780237583637e-05, 9.607550459981783e-06, 1.3561107699119335e-05, 8.058129931257585e-06, 8.158904325555179e-06], "probs": [{"probs": [0.9999995231628418, 2.910438752223854e-07, 1.0431327979176785e-07, 7.570786664246043e-08], "url": "..\\image\\train\\chocolate\\candy_00_0xzl5vqf.jpg", "property": {"label": "chocolate", "lid": 0}}, {"probs": [0.9999834299087524, 8.88901104190154e-06, 3.8231346479733475e-06, 3.8231346479733475e-06], "url": "..\\image\\train\\chocolate\\candy_00_2cx9h97t.jpg", "property": {"label": "chocolate", "lid": 0}}, {"probs": [0.999991774559021, 3.1448596473637735e-06, 3.445987204031553e-06, 1.6925200725381728e-06], "url": "..\\image\\train\\chocolate\\candy_00_2r0b6f9o.jpg", "property": {"label": "chocolate", "lid": 0}}, {"probs": [0.9999992847442627, 2.1016604989654297e-07, 2.1016604989654297e-07, 2.1016604989654297e-07], "url": "..\\image\\train\\chocolate\\candy_00_c1d9ylmt.jpg", "property": {"label": "chocolate", "lid": 0}}, {"probs": [0.9999973773956299, 1.7472057152190246e-06, 4.53257001709062e-07, 4.012174201761809e-07], "url": "..\\image\\train\\chocolate\\candy_00_d06ykvnz.jpg", "property": {"label": "chocolate", "lid": 0}}, {"probs": [0.9999955892562866, 2.449032308504684e-06, 9.119739274865424e-07, 9.119739274865424e-07], "url": "..\\image\\train\\chocolate\\candy_00_dbm2sxf9.jpg", "property": {"label": "chocolate", "lid": 0}}, {"probs": [0.9999974966049194, 1.5304883618227905e-06, 4.959077841704129e-07, 4.959077841704129e-07], "url": "..\\image\\train\\chocolate\\candy_00_njo32e3f.jpg", "property": {"label": "chocolate", "lid": 0}}, {"probs": [0.999996542930603, 1.7158041600850993e-06, 9.153974929176911e-07, 7.934497716632904e-07], "url": "..\\image\\train\\chocolate\\candy_00_ntub52d6.jpg", "property": {"label": "chocolate", "lid": 0}}, {"probs": [0.9999990463256836, 4.781697953148978e-07, 2.6511588657740504e-07, 2.6511588657740504e-07], "url": "..\\image\\train\\chocolate\\candy_00_o4cs6abr.jpg", "property": {"label": "chocolate", "lid": 0}}, {"probs": [1.0, 8.740855150790594e-09, 8.740855150790594e-09, 8.740855150790594e-09], "url": "..\\image\\train\\chocolate\\candy_01_ve2usf3x.jpg", "property": {"label": "chocolate", "lid": 0}}, {"probs": [0.9999908208847046, 5.812899871671107e-06, 1.6712947399355471e-06, 1.6712947399355471e-06], "url": "..\\image\\train\\chocolate\\candy_01_w0xhf55m.jpg", "property": {"label": "chocolate", "lid": 0}}, {"probs": [0.9999868869781494, 1.0050582204712555e-05, 1.5178799230852746e-06, 1.5178799230852746e-06], "url": "..\\image\\train\\chocolate\\candy_01_xhnhh684.jpg", "property": {"label": "chocolate", "lid": 0}}, {"probs": [1.0, 4.367885964029483e-08, 4.367885964029483e-08, 4.367885964029483e-08], "url": "..\\image\\train\\chocolate\\candy_01_ydjx4wrg.jpg", "property": {"label": "chocolate", "lid": 0}}, {"probs": [0.9999996423721313, 8.917098170968529e-08, 8.061828538075133e-08, 8.061828538075133e-08], "url": "..\\image\\train\\chocolate\\candy_02_ws2x097a.jpg", "property": {"label": "chocolate", "lid": 0}}, {"probs": [0.9999885559082031, 9.03172531252494e-06, 1.206881393045478e-06, 1.206881393045478e-06], "url": "..\\image\\train\\chocolate\\candy_03_2qqgeeyb.jpg", "property": {"label": "chocolate", "lid": 0}}, {"probs": [1.0, 2.1688318696533315e-08, 2.1688318696533315e-08, 2.1688318696533315e-08], "url": "..\\image\\train\\chocolate\\candy_05_hutds71e.jpg", "property": {"label": "chocolate", "lid": 0}}, {"probs": [1.0, 2.5013182636257625e-09, 2.5013182636257625e-09, 2.5013182636257625e-09], "url": "..\\image\\train\\chocolate\\candy_06_ta3kunkw.jpg", "property": {"label": "chocolate", "lid": 0}}, {"probs": [2.4292342004628154e-06, 0.9999877214431763, 7.542354524048278e-06, 2.4292342004628154e-06], "url": "..\\image\\train\\gum\\candy_01_lqy27fz5.jpg", "property": {"label": "gum", "lid": 1}}, {"probs": [1.402288603458146e-06, 0.9999929666519165, 3.98993961425731e-06, 1.6234396298386855e-06], "url": "..\\image\\train\\gum\\candy_01_nqbgoy5r.jpg", "property": {"label": "gum", "lid": 1}}, {"probs": [6.48417471893481e-06, 0.9999837875366211, 6.8939998527639546e-06, 2.9139882826711982e-06], "url": "..\\image\\train\\gum\\candy_01_p34r94j4.jpg", "property": {"label": "gum", "lid": 1}}, {"probs": [8.0839554357226e-06, 0.9999748468399048, 1.3346086234378163e-05, 3.725781198227196e-06], "url": "..\\image\\train\\gum\\candy_01_pmvbb0gf.jpg", "property": {"label": "gum", "lid": 1}}, {"probs": [2.577866382580396e-07, 0.9999957084655762, 2.2615336092712823e-06, 1.769925461303501e-06], "url": "..\\image\\train\\gum\\candy_01_poodfv4i.jpg", "property": {"label": "gum", "lid": 1}}, {"probs": [3.449763198659639e-06, 0.9999845027923584, 8.650871677673422e-06, 3.3005542263708776e-06], "url": "..\\image\\train\\gum\\candy_01_pyblpxpb.jpg", "property": {"label": "gum", "lid": 1}}, {"probs": [4.1063262870011386e-06, 0.9999856948852539, 6.160876182548236e-06, 4.1063262870011386e-06], "url": "..\\image\\train\\gum\\candy_01_r2rnif16.jpg", "property": {"label": "gum", "lid": 1}}, {"probs": [1.6268672879959922e-06, 0.9999964237213135, 1.3938736174168298e-06, 4.810052018910937e-07], "url": "..\\image\\train\\gum\\candy_02_y3fmclhk.jpg", "property": {"label": "gum", "lid": 1}}, {"probs": [1.5542182154604234e-05, 0.9999675750732422, 8.5097881310503e-06, 8.5097881310503e-06],