{"epoch": 1175, "loss": [1.0, 0.964569355382555, 0.9348853234889495, 0.8762078497175484, 0.8475952917386927, 0.7902553809161772, 0.7508958054933026, 0.7232921511928652, 0.7743677550742724, 0.6603066835440775, 0.8268468855002747, 0.6213355650050958, 0.600862310553298, 0.5859932304963359, 0.7567721935221267, 0.5617366286329016, 0.5428496041604903, 0.5218424335783007, 0.5439684195768034, 0.5238885051358081, 0.5055981739422775, 0.48141320506765944, 0.49072383831652294, 0.432823485225065, 0.4143982059226205, 0.40711340822229186, 0.40155972039380844, 0.41666232151136584, 0.372694522671034, 0.3912768483007794, 0.4096780844105594, 0.35600325001063526, 0.340381651129219, 0.3272628203186414, 0.32776123032286075, 0.3272426877657476, 0.300906535957774, 0.30391679747653244, 0.3085748246502233, 0.27892811970977344, 0.28270048008586357, 0.26757451858576037, 0.2591539593634455, 0.2607747229818657, 0.25296352006245104, 0.28436026733712827, 0.24197081512299437, 0.24502916302708183, 0.23440908619149373, 0.23970837552272217, 0.23457082942476268, 0.2260255642453144, 0.21986949305362782, 0.2173139623827077, 0.22088147972318795, 0.2155250412541459, 0.20930598600181322, 0.20721573869874765, 0.21063903826567223, 0.20304176182556777, 0.20185216176028284, 0.20116539961938096, 0.2034431507192846, 0.19566662627741357, 0.1943722252045161, 0.19353141696259243, 0.2055928645763242, 0.1921627344252667, 0.18877518927910314, 0.1878128408360509, 0.187276441759773, 0.1845409182033205, 0.18396290909223334, 0.182336869213805, 0.18760383886608165, 0.18016083613037187, 0.17929824003829695, 0.17853036833177985, 0.17712400709063134, 0.17637875088289418, 0.17509132274969372, 0.1733937119560962, 0.17319700056826354, 0.17237112103848054, 0.17112161990369149, 0.17021797243963172, 0.16930252063700474, 0.16919867142531522, 0.16770331726536286, 0.16668112982645367, 0.16536252003116594, 0.1645856476458114, 0.16360757387881336, 0.16367196494212832, 0.16914066360204932, 0.16104752217725882, 0.16048228989187763, 0.15965266525204963, 0.1582769890838112, 0.1573687688610777, 0.15701477319696333, 0.15604184119707126, 0.15496762569623873, 0.1539512628345542, 0.15324955129029594, 0.15253947014927968, 0.15174805183927528, 0.15079473511188402, 0.1500886163386778, 0.14932466561753927, 0.14857499183524628, 0.14774001851615512, 0.1474104384865882, 0.14759881131448646, 0.14511243068649646, 0.14434561423198097, 0.14314906191821475, 0.1423782830958892, 0.14157426383551244, 0.14098690229492067, 0.14036640377235624, 0.13941785637018803, 0.13849086921479817, 0.1376008469162888, 0.1369771826377195, 0.13602116570667702, 0.1351291880882823, 0.13458051912108351, 0.1338968503169315, 0.1331747889620144, 0.13207731653471463, 0.13158766926035195, 0.1310288719430591, 0.1310980530228128, 0.1297138934561299, 0.12971029318459495, 0.12841336778337986, 0.12734251460510151, 0.1264306320371859, 0.12580990591124858, 0.12515731531310528, 0.1244678426229443, 0.12351737093771431, 0.12291870164773255, 0.12228726781766106, 0.12162219007083183, 0.12096346452722807, 0.12029669010070994, 0.11960966931961158, 0.11891076143508313, 0.11822141289221648, 0.11724851192914798, 0.11640930725644245, 0.1155047700701068, 0.1150740410325016, 0.11424982714558389, 0.11383747190753642, 0.11337654404059054, 0.11262281478001679, 0.11178728279810124, 0.11119284486173385, 0.11042990801016551, 0.10986527577004014, 0.1094397402275802, 0.10894980327619744, 0.10852901636774481, 0.10756487813453296, 0.10696679854419917, 0.10652781371152241, 0.10604190120159683, 0.10550078452813517, 0.10468557132005488, 0.10393162480171608, 0.10310332439969404, 0.10355792075463016, 0.10208173700604067], "probs": [{"probs": [0.999991774559021, 2.774805125227431e-06, 2.774805125227431e-06, 2.774805125227431e-06], "url": "..\\image\\train\\chocolate\\candy_00_0xzl5vqf.jpg", "property": {"label": "chocolate", "lid": 0}}, {"probs": [0.9999349117279053, 2.166907870559953e-05, 2.166907870559953e-05, 2.166907870559953e-05], "url": "..\\image\\train\\chocolate\\candy_00_2cx9h97t.jpg", "property": {"label": "chocolate", "lid": 0}}, {"probs": [0.9999814033508301, 6.2495846577803604e-06, 6.2495846577803604e-06, 6.2495846577803604e-06], "url": "..\\image\\train\\chocolate\\candy_00_2r0b6f9o.jpg", "property": {"label": "chocolate", "lid": 0}}, {"probs": [0.9999953508377075, 1.5824206229808624e-06, 1.5824206229808624e-06, 1.5824206229808624e-06], "url": "..\\image\\train\\chocolate\\candy_00_c1d9ylmt.jpg", "property": {"label": "chocolate", "lid": 0}}, {"probs": [0.9999878406524658, 4.045580226375023e-06, 4.045580226375023e-06, 4.045580226375023e-06], "url": "..\\image\\train\\chocolate\\candy_00_d06ykvnz.jpg", "property": {"label": "chocolate", "lid": 0}}, {"probs": [0.9999892711639404, 3.596040414777235e-06, 3.596040414777235e-06, 3.596040414777235e-06], "url": "..\\image\\train\\chocolate\\candy_00_dbm2sxf9.jpg", "property": {"label": "chocolate", "lid": 0}}, {"probs": [0.9999803304672241, 6.507091256935382e-06, 6.507091256935382e-06, 6.507091256935382e-06], "url": "..\\image\\train\\chocolate\\candy_00_njo32e3f.jpg", "property": {"label": "chocolate", "lid": 0}}, {"probs": [0.999983549118042, 5.4938486755418126e-06, 5.4938486755418126e-06, 5.4938486755418126e-06], "url": "..\\image\\train\\chocolate\\candy_00_ntub52d6.jpg", "property": {"label": "chocolate", "lid": 0}}, {"probs": [0.9999921321868896, 2.6767831968754763e-06, 2.6767831968754763e-06, 2.6767831968754763e-06], "url": "..\\image\\train\\chocolate\\candy_00_o4cs6abr.jpg", "property": {"label": "chocolate", "lid": 0}}, {"probs": [0.9999978542327881, 7.437669182763784e-07, 7.437669182763784e-07, 7.437669182763784e-07], "url": "..\\image\\train\\chocolate\\candy_01_ve2usf3x.jpg", "property": {"label": "chocolate", "lid": 0}}, {"probs": [0.9999610185623169, 1.3021684026170988e-05, 1.3021684026170988e-05, 1.3021684026170988e-05], "url": "..\\image\\train\\chocolate\\candy_01_w0xhf55m.jpg", "property": {"label": "chocolate", "lid": 0}}, {"probs": [0.9999492168426514, 1.6940701243584044e-05, 1.6940701243584044e-05, 1.6940701243584044e-05], "url": "..\\image\\train\\chocolate\\candy_01_xhnhh684.jpg", "property": {"label": "chocolate", "lid": 0}}, {"probs": [0.9999985694885254, 4.218777576170396e-07, 4.218777576170396e-07, 4.218777576170396e-07], "url": "..\\image\\train\\chocolate\\candy_01_ydjx4wrg.jpg", "property": {"label": "chocolate", "lid": 0}}, {"probs": [0.9999885559082031, 3.790049731833278e-06, 3.790049731833278e-06, 3.790049731833278e-06], "url": "..\\image\\train\\chocolate\\candy_02_ws2x097a.jpg", "property": {"label": "chocolate", "lid": 0}}, {"probs": [0.999984622001648, 5.119634352013236e-06, 5.119634352013236e-06, 5.119634352013236e-06], "url": "..\\image\\train\\chocolate\\candy_03_2qqgeeyb.jpg", "property": {"label": "chocolate", "lid": 0}}, {"probs": [0.9999964237213135, 1.1863918416565866e-06, 1.1863918416565866e-06, 1.1863918416565866e-06], "url": "..\\image\\train\\chocolate\\candy_05_hutds71e.jpg", "property": {"label": "chocolate", "lid": 0}}, {"probs": [0.9999967813491821, 1.0773786698337062e-06, 1.0773786698337062e-06, 1.0773786698337062e-06], "url": "..\\image\\train\\chocolate\\candy_06_ta3kunkw.jpg", "property": {"label": "chocolate", "lid": 0}}, {"probs": [1.9180631625204114e-06, 0.9999604225158691, 3.578296673367731e-05, 1.9180631625204114e-06], "url": "..\\image\\train\\gum\\candy_01_lqy27fz5.jpg", "property": {"label": "gum", "lid": 1}}, {"probs": [8.853085091686808e-07, 0.9999786615371704, 1.9687382518895902e-05, 8.853085091686808e-07], "url": "..\\image\\train\\gum\\candy_01_nqbgoy5r.jpg", "property": {"label": "gum", "lid": 1}}, {"probs": [1.4624398545493023e-06, 0.9999860525131226, 1.1130192433483899e-05, 1.4624398545493023e-06], "url": "..\\image\\train\\gum\\candy_01_p34r94j4.jpg", "property": {"label": "gum", "lid": 1}}, {"probs": [1.947301825566683e-06, 0.9999735355377197, 2.269112883368507e-05, 1.947301825566683e-06], "url": "..\\image\\train\\gum\\candy_01_pmvbb0gf.jpg", "property": {"label": "gum",