{"epoch": 1108, "loss": [0.9891600649206752, 1.0, 0.8943431317838255, 0.8589716864460579, 0.8466961936964176, 0.7854257235552877, 0.8431023305291391, 0.7300520037017384, 0.6616371256115365, 0.6416339294279785, 0.6626540457488634, 0.6344303343786649, 0.5837501074945135, 0.5571972595851645, 0.6620717921493301, 0.5360091993664375, 0.5298613146460783, 0.49581314379996894, 0.6034570876692793, 0.4711779659529512, 0.4330467667854336, 0.4371584870254423, 0.4810969144887056, 0.3881391856191616, 0.4018576494538397, 0.36824150035973097, 0.34655678142712804, 0.40943460009756855, 0.32179531505850467, 0.3304895875184063, 0.2922933707001493, 0.30015974506188436, 0.2736219243445399, 0.26512326585202456, 0.23238228038400047, 0.20605608260259103, 0.30534158169891584, 0.21443634685836716, 0.19608223472538028, 0.16963744234467154, 0.13520966459227302, 0.1366580053939204, 0.1103002805636856, 0.11836812949768866, 0.09260578201467119, 0.08838943244579932, 0.08204626936534197, 0.0771762219170834, 0.058819780569335824, 0.06901027046461113, 0.08300291042647491, 0.05430942899796039, 0.037782911433897864, 0.03672223712251794, 0.042176729635810595, 0.035252665403100215, 0.02501366522750247, 0.026118414293031526, 0.03402476098549848, 0.018160347762483167, 0.026583465813058045, 0.018741890074928384, 0.012813729199260646, 0.01617503279534383, 0.011319556714265598, 0.00915556342512904, 0.008796472392724082, 0.00730675233949336, 0.009366833222051967, 0.007104602169718148, 0.00719727047987875, 0.006545682668702671, 0.004462276766554616, 0.0038169712608359077, 0.0034326270322674285, 0.004722153581348522, 0.0028084187649235043, 0.0030743969327377274, 0.0019265199826890755, 0.001965543878458949, 0.0016821970942860526, 0.002219378666334305, 0.0011829144918062131, 0.0011052485631299549, 0.0009328341539332252, 0.0009244356754684737, 0.0008126192006960435, 0.0010415284165002255, 0.0005494861029680427, 0.0007757312793896812, 0.0004645103454477947, 0.0003882527072888934, 0.0003906888733926815, 0.0005652693114369313, 0.00029016503991177115, 0.00023800988286198642, 0.0002096635505442308, 0.00020322154203849952, 0.00015277538566273944, 0.00022570951963997893, 0.00011790815208122902, 0.00011762945441284914, 9.255998915156955e-05, 0.00010999232432634, 0.00013362088145428417, 6.928439982748833e-05, 5.5111458685157464e-05, 7.866435644502441e-05, 7.472523144924955e-05], "probs": [{"probs": [0.9999972581863403, 6.266367904572689e-07, 1.6464992995679495e-06, 4.5360420131146384e-07], "url": "..\\image\\train\\chocolate\\candy_00_0xzl5vqf.jpg", "property": {"label": "chocolate", "lid": 0}}, {"probs": [0.9999618530273438, 1.3079730706522241e-05, 1.2535710993688554e-05, 1.2535710993688554e-05], "url": "..\\image\\train\\chocolate\\candy_00_2cx9h97t.jpg", "property": {"label": "chocolate", "lid": 0}}, {"probs": [0.999930739402771, 1.1337978321535047e-05, 4.7995683416957036e-05, 9.84688631433528e-06], "url": "..\\image\\train\\chocolate\\candy_00_2r0b6f9o.jpg", "property": {"label": "chocolate", "lid": 0}}, {"probs": [0.9999971389770508, 9.163859431282617e-07, 9.163859431282617e-07, 9.163859431282617e-07], "url": "..\\image\\train\\chocolate\\candy_00_c1d9ylmt.jpg", "property": {"label": "chocolate", "lid": 0}}, {"probs": [0.9999895095825195, 3.5804471281153383e-06, 4.8971965043165255e-06, 1.9780634374910733e-06], "url": "..\\image\\train\\chocolate\\candy_00_d06ykvnz.jpg", "property": {"label": "chocolate", "lid": 0}}, {"probs": [0.9999880790710449, 4.34248204328469e-06, 3.83814085580525e-06, 3.83814085580525e-06], "url": "..\\image\\train\\chocolate\\candy_00_dbm2sxf9.jpg", "property": {"label": "chocolate", "lid": 0}}, {"probs": [0.9999915361404419, 3.472824801065144e-06, 2.494204636604991e-06, 2.494204636604991e-06], "url": "..\\image\\train\\chocolate\\candy_00_njo32e3f.jpg", "property": {"label": "chocolate", "lid": 0}}, {"probs": [0.9999862909317017, 3.248946541134501e-06, 7.303781785594765e-06, 3.248946541134501e-06], "url": "..\\image\\train\\chocolate\\candy_00_ntub52d6.jpg", "property": {"label": "chocolate", "lid": 0}}, {"probs": [0.9999960660934448, 1.2583782336150762e-06, 1.2583782336150762e-06, 1.2583782336150762e-06], "url": "..\\image\\train\\chocolate\\candy_00_o4cs6abr.jpg", "property": {"label": "chocolate", "lid": 0}}, {"probs": [0.9999996423721313, 7.422642056553741e-08, 7.422642056553741e-08, 7.422642056553741e-08], "url": "..\\image\\train\\chocolate\\candy_01_ve2usf3x.jpg", "property": {"label": "chocolate", "lid": 0}}, {"probs": [0.9999651908874512, 1.0348266187065747e-05, 1.744932342262473e-05, 7.083328455337323e-06], "url": "..\\image\\train\\chocolate\\candy_01_w0xhf55m.jpg", "property": {"label": "chocolate", "lid": 0}}, {"probs": [0.9999709129333496, 1.6436422811239026e-05, 6.362244221236324e-06, 6.362244221236324e-06], "url": "..\\image\\train\\chocolate\\candy_01_xhnhh684.jpg", "property": {"label": "chocolate", "lid": 0}}, {"probs": [0.9999992847442627, 2.41459190419846e-07, 2.41459190419846e-07, 2.41459190419846e-07], "url": "..\\image\\train\\chocolate\\candy_01_ydjx4wrg.jpg", "property": {"label": "chocolate", "lid": 0}}, {"probs": [0.9999980926513672, 4.985160444448411e-07, 9.652048902353272e-07, 4.985160444448411e-07], "url": "..\\image\\train\\chocolate\\candy_02_ws2x097a.jpg", "property": {"label": "chocolate", "lid": 0}}, {"probs": [0.9999706745147705, 1.7383728845743462e-05, 5.948523721599486e-06, 5.948523721599486e-06], "url": "..\\image\\train\\chocolate\\candy_03_2qqgeeyb.jpg", "property": {"label": "chocolate", "lid": 0}}, {"probs": [0.9999996423721313, 1.3935742515513994e-07, 1.3935742515513994e-07, 1.3935742515513994e-07], "url": "..\\image\\train\\chocolate\\candy_05_hutds71e.jpg", "property": {"label": "chocolate", "lid": 0}}, {"probs": [1.0, 2.5038540130140063e-08, 2.5038540130140063e-08, 2.5038540130140063e-08], "url": "..\\image\\train\\chocolate\\candy_06_ta3kunkw.jpg", "property": {"label": "chocolate", "lid": 0}}, {"probs": [2.713611684157513e-05, 0.9996067881584167, 0.00033314598840661347, 3.290476161055267e-05], "url": "..\\image\\train\\gum\\candy_01_lqy27fz5.jpg", "property": {"label": "gum", "lid": 1}}, {"probs": [1.712183075142093e-05, 0.999765932559967, 0.0001898387708934024, 2.7079035135102458e-05], "url": "..\\image\\train\\gum\\candy_01_nqbgoy5r.jpg", "property": {"label": "gum", "lid": 1}}, {"probs": [5.8634821471059695e-05, 0.9996269941329956, 0.0002837094943970442, 3.0669507395941764e-05], "url": "..\\image\\train\\gum\\candy_01_p34r94j4.jpg", "property": {"label": "gum", "lid": 1}}, {"probs": [6.45461113890633e-05, 0.9994152784347534, 0.0004829437530133873, 3.714391277753748e-05], "url": "..\\image\\train\\gum\\candy_01_pmvbb0gf.jpg", "property": {"label": "gum", "lid": 1}}, {"probs": [2.8125000426371116e-06, 0.9998809099197388, 8.337729377672076e-05, 3.279112570453435e-05], "url": "..\\image\\train\\gum\\candy_01_poodfv4i.jpg", "property": {"label": "gum", "lid": 1}}, {"probs": [3.7801153666805476e-05, 0.9994321465492249, 0.0004922401276417077, 3.7801153666805476e-05], "url": "..\\image\\train\\gum\\candy_01_pyblpxpb.jpg", "property": {"label": "gum", "lid": 1}}, {"probs": [2.50503344432218e-05, 0.9998438358306885, 0.00010142145765712485, 2.9705171982641332e-05], "url": "..\\image\\train\\gum\\candy_01_r2rnif16.jpg", "property": {"label": "gum", "lid": 1}}, {"probs": [1.3774203580396716e-05, 0.9998843669891357, 9.534704440739006e-05, 6.442363883252256e-06], "url": "..\\image\\train\\gum\\candy_02_y3fmclhk.jpg", "property": {"label": "gum", "lid": 1}}, {"probs": [0.00013387069338932633, 0.9995530247688293, 0.000231020589126274, 8.214698755182326e-05], "url": "..\\image\\train\\gum\\candy_04_1ujf836f.jpg", "property": {"label": "gum", "lid": 1}}, {"probs": [3.700034358189441e-05, 0.9997451901435852, 0.000183003387064673, 3.479229781078175e-05], "url": "..\\image\\train\\gum\\candy_04_26i98yr7.jpg", "property": {"label": "gum",