{"epoch": 1117, "loss": [0.9891600649206752, 1.0, 0.8943431317838255, 0.8589716864460579, 0.8466961936964176, 0.7854257235552877, 0.8431023305291391, 0.7300520037017384, 0.6616371256115365, 0.6416339294279785, 0.6626540457488634, 0.6344303343786649, 0.5837501074945135, 0.5571972595851645, 0.6620717921493301, 0.5360091993664375, 0.5298613146460783, 0.49581314379996894, 0.6034570876692793, 0.4711779659529512, 0.4330467667854336, 0.4371584870254423, 0.4810969144887056, 0.3881391856191616, 0.4018576494538397, 0.36824150035973097, 0.34655678142712804, 0.40943460009756855, 0.32179531505850467, 0.3304895875184063, 0.2922933707001493, 0.30015974506188436, 0.2736219243445399, 0.26512326585202456, 0.23238228038400047, 0.20605608260259103, 0.30534158169891584, 0.21443634685836716, 0.19608223472538028, 0.16963744234467154, 0.13520966459227302, 0.1366580053939204, 0.1103002805636856, 0.11836812949768866, 0.09260578201467119, 0.08838943244579932, 0.08204626936534197, 0.0771762219170834, 0.058819780569335824, 0.06901027046461113, 0.08300291042647491, 0.05430942899796039, 0.037782911433897864, 0.03672223712251794, 0.042176729635810595, 0.035252665403100215, 0.02501366522750247, 0.026118414293031526, 0.03402476098549848, 0.018160347762483167, 0.026583465813058045, 0.018741890074928384, 0.012813729199260646, 0.01617503279534383, 0.011319556714265598, 0.00915556342512904, 0.008796472392724082, 0.00730675233949336, 0.009366833222051967, 0.007104602169718148, 0.00719727047987875, 0.006545682668702671, 0.004462276766554616, 0.0038169712608359077, 0.0034326270322674285, 0.004722153581348522, 0.0028084187649235043, 0.0030743969327377274, 0.0019265199826890755, 0.001965543878458949, 0.0016821970942860526, 0.002219378666334305, 0.0011829144918062131, 0.0011052485631299549, 0.0009328341539332252, 0.0009244356754684737, 0.0008126192006960435, 0.0010415284165002255, 0.0005494861029680427, 0.0007757312793896812, 0.0004645103454477947, 0.0003882527072888934, 0.0003906888733926815, 0.0005652693114369313, 0.00029016503991177115, 0.00023800988286198642, 0.0002096635505442308, 0.00020322154203849952, 0.00015277538566273944, 0.00022570951963997893, 0.00011790815208122902, 0.00011762945441284914, 9.255998915156955e-05, 0.00010999232432634, 0.00013362088145428417, 6.928439982748833e-05, 5.5111458685157464e-05, 7.866435644502441e-05, 7.472523144924955e-05, 3.723641079177468e-05, 3.881087602904834e-05, 3.0853273463053116e-05, 2.75494093126081e-05, 3.253931755762562e-05, 2.2943773075630815e-05, 2.060884240547831e-05, 1.8060111774082438e-05, 1.9885028988514673e-05], "probs": [{"probs": [0.9999995231628418, 1.80818929607085e-07, 7.983649652487657e-08, 7.983649652487657e-08], "url": "..\\image\\train\\chocolate\\candy_00_0xzl5vqf.jpg", "property": {"label": "chocolate", "lid": 0}}, {"probs": [0.9999864101409912, 5.9300559769326355e-06, 3.8175712688826025e-06, 3.8175712688826025e-06], "url": "..\\image\\train\\chocolate\\candy_00_2cx9h97t.jpg", "property": {"label": "chocolate", "lid": 0}}, {"probs": [0.9999926090240479, 2.8902836675115395e-06, 2.462958946125582e-06, 2.0269874312361935e-06], "url": "..\\image\\train\\chocolate\\candy_00_2r0b6f9o.jpg", "property": {"label": "chocolate", "lid": 0}}, {"probs": [0.9999992847442627, 2.2514007014251547e-07, 2.2514007014251547e-07, 2.2514007014251547e-07], "url": "..\\image\\train\\chocolate\\candy_00_c1d9ylmt.jpg", "property": {"label": "chocolate", "lid": 0}}, {"probs": [0.9999978542327881, 1.2357771765891812e-06, 4.4160125867165334e-07, 4.4160125867165334e-07], "url": "..\\image\\train\\chocolate\\candy_00_d06ykvnz.jpg", "property": {"label": "chocolate", "lid": 0}}, {"probs": [0.9999964237213135, 1.640732762098196e-06, 9.5183457915482e-07, 9.5183457915482e-07], "url": "..\\image\\train\\chocolate\\candy_00_dbm2sxf9.jpg", "property": {"label": "chocolate", "lid": 0}}, {"probs": [0.999997615814209, 1.1687352525768802e-06, 5.652458980875963e-07, 5.652458980875963e-07], "url": "..\\image\\train\\chocolate\\candy_00_njo32e3f.jpg", "property": {"label": "chocolate", "lid": 0}}, {"probs": [0.9999966621398926, 1.3888701460018638e-06, 9.093174639929202e-07, 9.093174639929202e-07], "url": "..\\image\\train\\chocolate\\candy_00_ntub52d6.jpg", "property": {"label": "chocolate", "lid": 0}}, {"probs": [0.9999991655349731, 3.419262384340982e-07, 2.94850764248622e-07, 2.94850764248622e-07], "url": "..\\image\\train\\chocolate\\candy_00_o4cs6abr.jpg", "property": {"label": "chocolate", "lid": 0}}, {"probs": [1.0, 1.2196155196875225e-08, 1.2196155196875225e-08, 1.2196155196875225e-08], "url": "..\\image\\train\\chocolate\\candy_01_ve2usf3x.jpg", "property": {"label": "chocolate", "lid": 0}}, {"probs": [0.999993085861206, 3.5539487726055086e-06, 1.6405849692091579e-06, 1.6405849692091579e-06], "url": "..\\image\\train\\chocolate\\candy_01_w0xhf55m.jpg", "property": {"label": "chocolate", "lid": 0}}, {"probs": [0.9999898672103882, 6.811443199694622e-06, 1.6315706261593732e-06, 1.6315706261593732e-06], "url": "..\\image\\train\\chocolate\\candy_01_xhnhh684.jpg", "property": {"label": "chocolate", "lid": 0}}, {"probs": [1.0, 5.258275592723294e-08, 5.258275592723294e-08, 5.258275592723294e-08], "url": "..\\image\\train\\chocolate\\candy_01_ydjx4wrg.jpg", "property": {"label": "chocolate", "lid": 0}}, {"probs": [0.9999996423721313, 9.899041231165029e-08, 9.899041231165029e-08, 9.899041231165029e-08], "url": "..\\image\\train\\chocolate\\candy_02_ws2x097a.jpg", "property": {"label": "chocolate", "lid": 0}}, {"probs": [0.9999921321868896, 5.457748557091691e-06, 1.233862349181436e-06, 1.233862349181436e-06], "url": "..\\image\\train\\chocolate\\candy_03_2qqgeeyb.jpg", "property": {"label": "chocolate", "lid": 0}}, {"probs": [1.0, 2.933746756639266e-08, 2.933746756639266e-08, 2.933746756639266e-08], "url": "..\\image\\train\\chocolate\\candy_05_hutds71e.jpg", "property": {"label": "chocolate", "lid": 0}}, {"probs": [1.0, 3.4479399335651806e-09, 3.4479399335651806e-09, 3.4479399335651806e-09], "url": "..\\image\\train\\chocolate\\candy_06_ta3kunkw.jpg", "property": {"label": "chocolate", "lid": 0}}, {"probs": [7.396446108032251e-06, 0.9999650716781616, 2.0189936549286358e-05, 7.396446108032251e-06], "url": "..\\image\\train\\gum\\candy_01_lqy27fz5.jpg", "property": {"label": "gum", "lid": 1}}, {"probs": [4.078119673067704e-06, 0.9999822378158569, 9.711204256745987e-06, 4.078119673067704e-06], "url": "..\\image\\train\\gum\\candy_01_nqbgoy5r.jpg", "property": {"label": "gum", "lid": 1}}, {"probs": [3.311857290100306e-05, 0.9999399185180664, 1.796647848095745e-05, 8.909451025829185e-06], "url": "..\\image\\train\\gum\\candy_01_p34r94j4.jpg", "property": {"label": "gum", "lid": 1}}, {"probs": [3.629342245403677e-05, 0.9999209642410278, 3.19916543958243e-05, 1.0789550287881866e-05], "url": "..\\image\\train\\gum\\candy_01_pmvbb0gf.jpg", "property": {"label": "gum", "lid": 1}}, {"probs": [8.320337201439543e-07, 0.9999910593032837, 5.735149898100644e-06, 2.44295392803906e-06], "url": "..\\image\\train\\gum\\candy_01_poodfv4i.jpg", "property": {"label": "gum", "lid": 1}}, {"probs": [1.759416045388207e-05, 0.9999467134475708, 2.5405222913832404e-05, 1.0249015758745372e-05], "url": "..\\image\\train\\gum\\candy_01_pyblpxpb.jpg", "property": {"label": "gum", "lid": 1}}, {"probs": [1.1017477845598478e-05, 0.9999631643295288, 1.491587590862764e-05, 1.1017477845598478e-05], "url": "..\\image\\train\\gum\\candy_01_r2rnif16.jpg", "property": {"label": "gum", "lid": 1}}, {"probs": [8.835841981635895e-06, 0.9999854564666748, 4.01299348595785e-06, 1.6413721368735423e-06], "url": "..\\image\\train\\gum\\candy_02_y3fmclhk.jpg", "property": {"label": "gum", "lid": 1}}, {"probs": [7.454057049471885e-05, 0.9998756647109985, 2.4864766601240262e-05, 2.4864766601240262e-05], "url": "..\\image\\train\\gum\\candy_04_1ujf836f.jpg", "property": {"label": "gum", "lid": 1}}, {"probs": [1.4367752555699553e-05, 0.9999674558639526, 9.421740287507419e-06, 8.649189112475142e-06],