{"epoch": 1100, "loss": [0.9891600649206752, 1.0, 0.8943431317838255, 0.8589716864460579, 0.8466961936964176, 0.7854257235552877, 0.8431023305291391, 0.7300520037017384, 0.6616371256115365, 0.6416339294279785, 0.6626540457488634, 0.6344303343786649, 0.5837501074945135, 0.5571972595851645, 0.6620717921493301, 0.5360091993664375, 0.5298613146460783, 0.49581314379996894, 0.6034570876692793, 0.4711779659529512, 0.4330467667854336, 0.4371584870254423, 0.4810969144887056, 0.3881391856191616, 0.4018576494538397, 0.36824150035973097, 0.34655678142712804, 0.40943460009756855, 0.32179531505850467, 0.3304895875184063, 0.2922933707001493, 0.30015974506188436, 0.2736219243445399, 0.26512326585202456, 0.23238228038400047, 0.20605608260259103, 0.30534158169891584, 0.21443634685836716, 0.19608223472538028, 0.16963744234467154, 0.13520966459227302, 0.1366580053939204, 0.1103002805636856, 0.11836812949768866, 0.09260578201467119, 0.08838943244579932, 0.08204626936534197, 0.0771762219170834, 0.058819780569335824, 0.06901027046461113, 0.08300291042647491, 0.05430942899796039, 0.037782911433897864, 0.03672223712251794, 0.042176729635810595, 0.035252665403100215, 0.02501366522750247, 0.026118414293031526, 0.03402476098549848, 0.018160347762483167, 0.026583465813058045, 0.018741890074928384, 0.012813729199260646, 0.01617503279534383, 0.011319556714265598, 0.00915556342512904, 0.008796472392724082, 0.00730675233949336, 0.009366833222051967, 0.007104602169718148, 0.00719727047987875, 0.006545682668702671, 0.004462276766554616, 0.0038169712608359077, 0.0034326270322674285, 0.004722153581348522, 0.0028084187649235043, 0.0030743969327377274, 0.0019265199826890755, 0.001965543878458949, 0.0016821970942860526, 0.002219378666334305, 0.0011829144918062131, 0.0011052485631299549, 0.0009328341539332252, 0.0009244356754684737, 0.0008126192006960435, 0.0010415284165002255, 0.0005494861029680427, 0.0007757312793896812, 0.0004645103454477947, 0.0003882527072888934, 0.0003906888733926815, 0.0005652693114369313, 0.00029016503991177115, 0.00023800988286198642, 0.0002096635505442308, 0.00020322154203849952, 0.00015277538566273944, 0.00022570951963997893, 0.00011790815208122902], "probs": [{"probs": [0.9999955892562866, 1.970406856344198e-06, 1.2015907486784272e-06, 1.2015907486784272e-06], "url": "..\\image\\train\\chocolate\\candy_00_0xzl5vqf.jpg", "property": {"label": "chocolate", "lid": 0}}, {"probs": [0.9998805522918701, 4.9630350986262783e-05, 3.4941233025165275e-05, 3.4941233025165275e-05], "url": "..\\image\\train\\chocolate\\candy_00_2cx9h97t.jpg", "property": {"label": "chocolate", "lid": 0}}, {"probs": [0.9999295473098755, 2.4542796381865628e-05, 2.683712591533549e-05, 1.9101102225249633e-05], "url": "..\\image\\train\\chocolate\\candy_00_2r0b6f9o.jpg", "property": {"label": "chocolate", "lid": 0}}, {"probs": [0.9999921321868896, 2.6739767235994805e-06, 2.6739767235994805e-06, 2.6739767235994805e-06], "url": "..\\image\\train\\chocolate\\candy_00_c1d9ylmt.jpg", "property": {"label": "chocolate", "lid": 0}}, {"probs": [0.9999814033508301, 9.31566501094494e-06, 4.6329901124408934e-06, 4.6329901124408934e-06], "url": "..\\image\\train\\chocolate\\candy_00_d06ykvnz.jpg", "property": {"label": "chocolate", "lid": 0}}, {"probs": [0.9999701976776123, 1.1872100913024042e-05, 8.94790264283074e-06, 8.94790264283074e-06], "url": "..\\image\\train\\chocolate\\candy_00_dbm2sxf9.jpg", "property": {"label": "chocolate", "lid": 0}}, {"probs": [0.9999804496765137, 8.366625479538925e-06, 5.6169160416175146e-06, 5.6169160416175146e-06], "url": "..\\image\\train\\chocolate\\candy_00_njo32e3f.jpg", "property": {"label": "chocolate", "lid": 0}}, {"probs": [0.9999686479568481, 1.2718594007310458e-05, 9.34701347432565e-06, 9.34701347432565e-06], "url": "..\\image\\train\\chocolate\\candy_00_ntub52d6.jpg", "property": {"label": "chocolate", "lid": 0}}, {"probs": [0.9999903440475464, 3.199910452167387e-06, 3.199910452167387e-06, 3.199910452167387e-06], "url": "..\\image\\train\\chocolate\\candy_00_o4cs6abr.jpg", "property": {"label": "chocolate", "lid": 0}}, {"probs": [0.9999992847442627, 1.9398349593302555e-07, 1.9398349593302555e-07, 1.9398349593302555e-07], "url": "..\\image\\train\\chocolate\\candy_01_ve2usf3x.jpg", "property": {"label": "chocolate", "lid": 0}}, {"probs": [0.9999370574951172, 2.936721284640953e-05, 1.6771660739323124e-05, 1.6771660739323124e-05], "url": "..\\image\\train\\chocolate\\candy_01_w0xhf55m.jpg", "property": {"label": "chocolate", "lid": 0}}, {"probs": [0.9999462366104126, 2.972527545352932e-05, 1.2034966857754625e-05, 1.2034966857754625e-05], "url": "..\\image\\train\\chocolate\\candy_01_xhnhh684.jpg", "property": {"label": "chocolate", "lid": 0}}, {"probs": [0.9999978542327881, 7.334589327001595e-07, 7.334589327001595e-07, 7.334589327001595e-07], "url": "..\\image\\train\\chocolate\\candy_01_ydjx4wrg.jpg", "property": {"label": "chocolate", "lid": 0}}, {"probs": [0.9999964237213135, 1.171168491964636e-06, 1.171168491964636e-06, 1.171168491964636e-06], "url": "..\\image\\train\\chocolate\\candy_02_ws2x097a.jpg", "property": {"label": "chocolate", "lid": 0}}, {"probs": [0.9999250173568726, 4.6630189899588004e-05, 1.4243922123569064e-05, 1.4243922123569064e-05], "url": "..\\image\\train\\chocolate\\candy_03_2qqgeeyb.jpg", "property": {"label": "chocolate", "lid": 0}}, {"probs": [0.999998927116394, 3.9423150610673474e-07, 3.9423150610673474e-07, 3.9423150610673474e-07], "url": "..\\image\\train\\chocolate\\candy_05_hutds71e.jpg", "property": {"label": "chocolate", "lid": 0}}, {"probs": [0.9999996423721313, 7.171269089667476e-08, 7.171269089667476e-08, 7.171269089667476e-08], "url": "..\\image\\train\\chocolate\\candy_06_ta3kunkw.jpg", "property": {"label": "chocolate", "lid": 0}}, {"probs": [5.650605817208998e-05, 0.9996553659439087, 0.00023171083012130111, 5.650605817208998e-05], "url": "..\\image\\train\\gum\\candy_01_lqy27fz5.jpg", "property": {"label": "gum", "lid": 1}}, {"probs": [3.689732329803519e-05, 0.9997970461845398, 0.00012902083108201623, 3.689732329803519e-05], "url": "..\\image\\train\\gum\\candy_01_nqbgoy5r.jpg", "property": {"label": "gum", "lid": 1}}, {"probs": [0.00014313253632280976, 0.9995874762535095, 0.00020212931849528104, 6.726726132910699e-05], "url": "..\\image\\train\\gum\\candy_01_p34r94j4.jpg", "property": {"label": "gum", "lid": 1}}, {"probs": [0.00016105806571431458, 0.9993669390678406, 0.0003884841571561992, 8.351009455509484e-05], "url": "..\\image\\train\\gum\\candy_01_pmvbb0gf.jpg", "property": {"label": "gum", "lid": 1}}, {"probs": [9.47654916672036e-06, 0.9998551607131958, 0.000100656361610163, 3.465977715677582e-05], "url": "..\\image\\train\\gum\\candy_01_poodfv4i.jpg", "property": {"label": "gum", "lid": 1}}, {"probs": [7.498093327740207e-05, 0.9995194673538208, 0.0003305951540824026, 7.498093327740207e-05], "url": "..\\image\\train\\gum\\candy_01_pyblpxpb.jpg", "property": {"label": "gum", "lid": 1}}, {"probs": [8.834173058858141e-05, 0.9996330738067627, 0.0001902962103486061, 8.834173058858141e-05], "url": "..\\image\\train\\gum\\candy_01_r2rnif16.jpg", "property": {"label": "gum", "lid": 1}}, {"probs": [2.763924749160651e-05, 0.9999067783355713, 5.1608061767183244e-05, 1.3905669220548589e-05], "url": "..\\image\\train\\gum\\candy_02_y3fmclhk.jpg", "property": {"label": "gum", "lid": 1}}, {"probs": [0.0003270819433964789, 0.9993318915367126, 0.00017052513430826366, 0.00017052513430826366], "url": "..\\image\\train\\gum\\candy_04_1ujf836f.jpg", "property": {"label": "gum", "lid": 1}}, {"probs": [7.247210305649787e-05, 0.9997394680976868, 0.00012052145029883832, 6.762587872799486e-05], "url": "..\\image\\train\\gum\\candy_04_26i98yr7.jpg", "property": {"label": "gum", "lid": 1}}, {"probs": [6.730495806550607e-05, 0.9998596906661987, 3.648296114988625e-05, 3.648296114988625e-05], "url": "..\\image\\train\\gum\\candy_04_4x8hrhdp.jpg", "property": {"label": "gum",