{"epoch": 1102, "loss": [0.9891600649206752, 1.0, 0.8943431317838255, 0.8589716864460579, 0.8466961936964176, 0.7854257235552877, 0.8431023305291391, 0.7300520037017384, 0.6616371256115365, 0.6416339294279785, 0.6626540457488634, 0.6344303343786649, 0.5837501074945135, 0.5571972595851645, 0.6620717921493301, 0.5360091993664375, 0.5298613146460783, 0.49581314379996894, 0.6034570876692793, 0.4711779659529512, 0.4330467667854336, 0.4371584870254423, 0.4810969144887056, 0.3881391856191616, 0.4018576494538397, 0.36824150035973097, 0.34655678142712804, 0.40943460009756855, 0.32179531505850467, 0.3304895875184063, 0.2922933707001493, 0.30015974506188436, 0.2736219243445399, 0.26512326585202456, 0.23238228038400047, 0.20605608260259103, 0.30534158169891584, 0.21443634685836716, 0.19608223472538028, 0.16963744234467154, 0.13520966459227302, 0.1366580053939204, 0.1103002805636856, 0.11836812949768866, 0.09260578201467119, 0.08838943244579932, 0.08204626936534197, 0.0771762219170834, 0.058819780569335824, 0.06901027046461113, 0.08300291042647491, 0.05430942899796039, 0.037782911433897864, 0.03672223712251794, 0.042176729635810595, 0.035252665403100215, 0.02501366522750247, 0.026118414293031526, 0.03402476098549848, 0.018160347762483167, 0.026583465813058045, 0.018741890074928384, 0.012813729199260646, 0.01617503279534383, 0.011319556714265598, 0.00915556342512904, 0.008796472392724082, 0.00730675233949336, 0.009366833222051967, 0.007104602169718148, 0.00719727047987875, 0.006545682668702671, 0.004462276766554616, 0.0038169712608359077, 0.0034326270322674285, 0.004722153581348522, 0.0028084187649235043, 0.0030743969327377274, 0.0019265199826890755, 0.001965543878458949, 0.0016821970942860526, 0.002219378666334305, 0.0011829144918062131, 0.0011052485631299549, 0.0009328341539332252, 0.0009244356754684737, 0.0008126192006960435, 0.0010415284165002255, 0.0005494861029680427, 0.0007757312793896812, 0.0004645103454477947, 0.0003882527072888934, 0.0003906888733926815, 0.0005652693114369313, 0.00029016503991177115, 0.00023800988286198642, 0.0002096635505442308, 0.00020322154203849952, 0.00015277538566273944, 0.00022570951963997893, 0.00011790815208122902, 0.00011762945441284914, 9.255998915156955e-05], "probs": [{"probs": [0.9999885559082031, 6.876724000903778e-06, 2.205994633186492e-06, 2.205994633186492e-06], "url": "..\\image\\train\\chocolate\\candy_00_0xzl5vqf.jpg", "property": {"label": "chocolate", "lid": 0}}, {"probs": [0.9998602867126465, 6.577221938641742e-05, 3.700661545735784e-05, 3.700661545735784e-05], "url": "..\\image\\train\\chocolate\\candy_00_2cx9h97t.jpg", "property": {"label": "chocolate", "lid": 0}}, {"probs": [0.9998371601104736, 7.002770144026726e-05, 6.013006350258365e-05, 3.265824489062652e-05], "url": "..\\image\\train\\chocolate\\candy_00_2r0b6f9o.jpg", "property": {"label": "chocolate", "lid": 0}}, {"probs": [0.9999896287918091, 3.4718812003120547e-06, 3.4718812003120547e-06, 3.4718812003120547e-06], "url": "..\\image\\train\\chocolate\\candy_00_c1d9ylmt.jpg", "property": {"label": "chocolate", "lid": 0}}, {"probs": [0.9999574422836304, 2.7040061468142085e-05, 7.689297490287572e-06, 7.689297490287572e-06], "url": "..\\image\\train\\chocolate\\candy_00_d06ykvnz.jpg", "property": {"label": "chocolate", "lid": 0}}, {"probs": [0.9999436140060425, 2.9009297577431425e-05, 1.367660934192827e-05, 1.367660934192827e-05], "url": "..\\image\\train\\chocolate\\candy_00_dbm2sxf9.jpg", "property": {"label": "chocolate", "lid": 0}}, {"probs": [0.9999614953994751, 2.1084790205350146e-05, 8.687255103723146e-06, 8.687255103723146e-06], "url": "..\\image\\train\\chocolate\\candy_00_njo32e3f.jpg", "property": {"label": "chocolate", "lid": 0}}, {"probs": [0.9999414682388306, 3.0435676308115944e-05, 1.4022612958797254e-05, 1.4022612958797254e-05], "url": "..\\image\\train\\chocolate\\candy_00_ntub52d6.jpg", "property": {"label": "chocolate", "lid": 0}}, {"probs": [0.9999839067459106, 6.7539181145548355e-06, 4.686939064413309e-06, 4.686939064413309e-06], "url": "..\\image\\train\\chocolate\\candy_00_o4cs6abr.jpg", "property": {"label": "chocolate", "lid": 0}}, {"probs": [0.999998927116394, 3.133525297016604e-07, 3.133525297016604e-07, 3.133525297016604e-07], "url": "..\\image\\train\\chocolate\\candy_01_ve2usf3x.jpg", "property": {"label": "chocolate", "lid": 0}}, {"probs": [0.9998706579208374, 7.634426583535969e-05, 2.644201049406547e-05, 2.644201049406547e-05], "url": "..\\image\\train\\chocolate\\candy_01_w0xhf55m.jpg", "property": {"label": "chocolate", "lid": 0}}, {"probs": [0.9998756647109985, 8.432492904830724e-05, 1.9972143491031602e-05, 1.9972143491031602e-05], "url": "..\\image\\train\\chocolate\\candy_01_xhnhh684.jpg", "property": {"label": "chocolate", "lid": 0}}, {"probs": [0.9999971389770508, 9.180689630738925e-07, 9.180689630738925e-07, 9.180689630738925e-07], "url": "..\\image\\train\\chocolate\\candy_01_ydjx4wrg.jpg", "property": {"label": "chocolate", "lid": 0}}, {"probs": [0.9999940395355225, 2.1937880774203222e-06, 1.936844000738347e-06, 1.936844000738347e-06], "url": "..\\image\\train\\chocolate\\candy_02_ws2x097a.jpg", "property": {"label": "chocolate", "lid": 0}}, {"probs": [0.9998146891593933, 0.0001371583784930408, 2.4026943719945848e-05, 2.4026943719945848e-05], "url": "..\\image\\train\\chocolate\\candy_03_2qqgeeyb.jpg", "property": {"label": "chocolate", "lid": 0}}, {"probs": [0.9999985694885254, 5.330548447091132e-07, 5.330548447091132e-07, 5.330548447091132e-07], "url": "..\\image\\train\\chocolate\\candy_05_hutds71e.jpg", "property": {"label": "chocolate", "lid": 0}}, {"probs": [0.9999996423721313, 1.22028239957217e-07, 1.22028239957217e-07, 1.22028239957217e-07], "url": "..\\image\\train\\chocolate\\candy_06_ta3kunkw.jpg", "property": {"label": "chocolate", "lid": 0}}, {"probs": [2.7320453227730468e-05, 0.9998040795326233, 0.00012840161798521876, 4.024027657578699e-05], "url": "..\\image\\train\\gum\\candy_01_lqy27fz5.jpg", "property": {"label": "gum", "lid": 1}}, {"probs": [2.2032318156561814e-05, 0.9998372793197632, 0.00010767571075120941, 3.304122947156429e-05], "url": "..\\image\\train\\gum\\candy_01_nqbgoy5r.jpg", "property": {"label": "gum", "lid": 1}}, {"probs": [3.056164860026911e-05, 0.9998365640640259, 0.00010255214874632657, 3.0384777346625924e-05], "url": "..\\image\\train\\gum\\candy_01_p34r94j4.jpg", "property": {"label": "gum", "lid": 1}}, {"probs": [3.7432600947795436e-05, 0.9997175335884094, 0.00020764765213243663, 3.7432600947795436e-05], "url": "..\\image\\train\\gum\\candy_01_pmvbb0gf.jpg", "property": {"label": "gum", "lid": 1}}, {"probs": [5.1230967983428854e-06, 0.9998528957366943, 9.014827810460702e-05, 5.18444248882588e-05], "url": "..\\image\\train\\gum\\candy_01_poodfv4i.jpg", "property": {"label": "gum", "lid": 1}}, {"probs": [3.3677322790026665e-05, 0.9997588992118835, 0.0001736386911943555, 3.3677322790026665e-05], "url": "..\\image\\train\\gum\\candy_01_pyblpxpb.jpg", "property": {"label": "gum", "lid": 1}}, {"probs": [5.405539559433237e-05, 0.9997227787971497, 0.00016894172586034983, 5.405539559433237e-05], "url": "..\\image\\train\\gum\\candy_01_r2rnif16.jpg", "property": {"label": "gum", "lid": 1}}, {"probs": [5.514282747753896e-06, 0.9999643564224243, 2.466413934598677e-05, 5.514282747753896e-06], "url": "..\\image\\train\\gum\\candy_02_y3fmclhk.jpg", "property": {"label": "gum", "lid": 1}}, {"probs": [7.978757639648393e-05, 0.9997417330741882, 9.875195974018425e-05, 7.978757639648393e-05], "url": "..\\image\\train\\gum\\candy_04_1ujf836f.jpg", "property": {"label": "gum", "lid": 1}}, {"probs": [3.2154101063497365e-05, 0.9998685121536255, 6.709701119689271e-05, 3.2154101063497365e-05], "url": "..\\image\\train\\gum\\candy_04_26i98yr7.jpg", "property": {"label": "gum", "lid": 1}}, {"probs": [1.8435790479998104e-05, 0.9999445676803589, 1.8435790479998104e-05, 1.8435790479998104e-05], "url": "..\\image\\train\\gum\\candy_04_4x8hrhdp.jpg", "property": {"label": "gum",