{"epoch": 1116, "loss": [0.9891600649206752, 1.0, 0.8943431317838255, 0.8589716864460579, 0.8466961936964176, 0.7854257235552877, 0.8431023305291391, 0.7300520037017384, 0.6616371256115365, 0.6416339294279785, 0.6626540457488634, 0.6344303343786649, 0.5837501074945135, 0.5571972595851645, 0.6620717921493301, 0.5360091993664375, 0.5298613146460783, 0.49581314379996894, 0.6034570876692793, 0.4711779659529512, 0.4330467667854336, 0.4371584870254423, 0.4810969144887056, 0.3881391856191616, 0.4018576494538397, 0.36824150035973097, 0.34655678142712804, 0.40943460009756855, 0.32179531505850467, 0.3304895875184063, 0.2922933707001493, 0.30015974506188436, 0.2736219243445399, 0.26512326585202456, 0.23238228038400047, 0.20605608260259103, 0.30534158169891584, 0.21443634685836716, 0.19608223472538028, 0.16963744234467154, 0.13520966459227302, 0.1366580053939204, 0.1103002805636856, 0.11836812949768866, 0.09260578201467119, 0.08838943244579932, 0.08204626936534197, 0.0771762219170834, 0.058819780569335824, 0.06901027046461113, 0.08300291042647491, 0.05430942899796039, 0.037782911433897864, 0.03672223712251794, 0.042176729635810595, 0.035252665403100215, 0.02501366522750247, 0.026118414293031526, 0.03402476098549848, 0.018160347762483167, 0.026583465813058045, 0.018741890074928384, 0.012813729199260646, 0.01617503279534383, 0.011319556714265598, 0.00915556342512904, 0.008796472392724082, 0.00730675233949336, 0.009366833222051967, 0.007104602169718148, 0.00719727047987875, 0.006545682668702671, 0.004462276766554616, 0.0038169712608359077, 0.0034326270322674285, 0.004722153581348522, 0.0028084187649235043, 0.0030743969327377274, 0.0019265199826890755, 0.001965543878458949, 0.0016821970942860526, 0.002219378666334305, 0.0011829144918062131, 0.0011052485631299549, 0.0009328341539332252, 0.0009244356754684737, 0.0008126192006960435, 0.0010415284165002255, 0.0005494861029680427, 0.0007757312793896812, 0.0004645103454477947, 0.0003882527072888934, 0.0003906888733926815, 0.0005652693114369313, 0.00029016503991177115, 0.00023800988286198642, 0.0002096635505442308, 0.00020322154203849952, 0.00015277538566273944, 0.00022570951963997893, 0.00011790815208122902, 0.00011762945441284914, 9.255998915156955e-05, 0.00010999232432634, 0.00013362088145428417, 6.928439982748833e-05, 5.5111458685157464e-05, 7.866435644502441e-05, 7.472523144924955e-05, 3.723641079177468e-05, 3.881087602904834e-05, 3.0853273463053116e-05, 2.75494093126081e-05, 3.253931755762562e-05, 2.2943773075630815e-05, 2.060884240547831e-05, 1.8060111774082438e-05], "probs": [{"probs": [0.9999988079071045, 6.649050305895798e-07, 2.781560510811687e-07, 2.128750367091925e-07], "url": "..\\image\\train\\chocolate\\candy_00_0xzl5vqf.jpg", "property": {"label": "chocolate", "lid": 0}}, {"probs": [0.9999669790267944, 1.6597356079728343e-05, 8.179081305570435e-06, 8.179081305570435e-06], "url": "..\\image\\train\\chocolate\\candy_00_2cx9h97t.jpg", "property": {"label": "chocolate", "lid": 0}}, {"probs": [0.9999734163284302, 1.0389685485279188e-05, 1.1069618267356418e-05, 5.154733571544057e-06], "url": "..\\image\\train\\chocolate\\candy_00_2r0b6f9o.jpg", "property": {"label": "chocolate", "lid": 0}}, {"probs": [0.9999985694885254, 5.075348212812969e-07, 5.075348212812969e-07, 5.075348212812969e-07], "url": "..\\image\\train\\chocolate\\candy_00_c1d9ylmt.jpg", "property": {"label": "chocolate", "lid": 0}}, {"probs": [0.999994158744812, 3.7181221159698907e-06, 1.0902045914917835e-06, 1.016309397527948e-06], "url": "..\\image\\train\\chocolate\\candy_00_d06ykvnz.jpg", "property": {"label": "chocolate", "lid": 0}}, {"probs": [0.999990701675415, 4.981980055163149e-06, 2.1825892417837167e-06, 2.1825892417837167e-06], "url": "..\\image\\train\\chocolate\\candy_00_dbm2sxf9.jpg", "property": {"label": "chocolate", "lid": 0}}, {"probs": [0.9999936819076538, 3.705709332280094e-06, 1.3405251593212597e-06, 1.3405251593212597e-06], "url": "..\\image\\train\\chocolate\\candy_00_njo32e3f.jpg", "property": {"label": "chocolate", "lid": 0}}, {"probs": [0.9999922513961792, 3.831734829873312e-06, 2.0517115899565397e-06, 1.948685394381755e-06], "url": "..\\image\\train\\chocolate\\candy_00_ntub52d6.jpg", "property": {"label": "chocolate", "lid": 0}}, {"probs": [0.9999974966049194, 1.0281906952513964e-06, 6.716507527926296e-07, 6.716507527926296e-07], "url": "..\\image\\train\\chocolate\\candy_00_o4cs6abr.jpg", "property": {"label": "chocolate", "lid": 0}}, {"probs": [1.0, 2.9556511904615945e-08, 2.9556511904615945e-08, 2.9556511904615945e-08], "url": "..\\image\\train\\chocolate\\candy_01_ve2usf3x.jpg", "property": {"label": "chocolate", "lid": 0}}, {"probs": [0.9999818801879883, 1.0721103535615839e-05, 3.750179985217983e-06, 3.750179985217983e-06], "url": "..\\image\\train\\chocolate\\candy_01_w0xhf55m.jpg", "property": {"label": "chocolate", "lid": 0}}, {"probs": [0.9999717473983765, 2.0633142412407324e-05, 3.7695226637879387e-06, 3.7695226637879387e-06], "url": "..\\image\\train\\chocolate\\candy_01_xhnhh684.jpg", "property": {"label": "chocolate", "lid": 0}}, {"probs": [0.9999996423721313, 1.1812085887186186e-07, 1.1812085887186186e-07, 1.1812085887186186e-07], "url": "..\\image\\train\\chocolate\\candy_01_ydjx4wrg.jpg", "property": {"label": "chocolate", "lid": 0}}, {"probs": [0.9999992847442627, 2.2698833390677464e-07, 2.2476163508144964e-07, 2.2476163508144964e-07], "url": "..\\image\\train\\chocolate\\candy_02_ws2x097a.jpg", "property": {"label": "chocolate", "lid": 0}}, {"probs": [0.9999772310256958, 1.70294260897208e-05, 2.9114050903444877e-06, 2.9114050903444877e-06], "url": "..\\image\\train\\chocolate\\candy_03_2qqgeeyb.jpg", "property": {"label": "chocolate", "lid": 0}}, {"probs": [0.9999996423721313, 6.161055665643289e-08, 6.161055665643289e-08, 6.161055665643289e-08], "url": "..\\image\\train\\chocolate\\candy_05_hutds71e.jpg", "property": {"label": "chocolate", "lid": 0}}, {"probs": [1.0, 9.406015522017697e-09, 9.406015522017697e-09, 9.406015522017697e-09], "url": "..\\image\\train\\chocolate\\candy_06_ta3kunkw.jpg", "property": {"label": "chocolate", "lid": 0}}, {"probs": [6.519640464830445e-06, 0.9999567270278931, 2.9945475034764968e-05, 6.8033236857445445e-06], "url": "..\\image\\train\\gum\\candy_01_lqy27fz5.jpg", "property": {"label": "gum", "lid": 1}}, {"probs": [3.734518031706102e-06, 0.9999748468399048, 1.588807936059311e-05, 5.630592568195425e-06], "url": "..\\image\\train\\gum\\candy_01_nqbgoy5r.jpg", "property": {"label": "gum", "lid": 1}}, {"probs": [1.3782353562419303e-05, 0.9999523162841797, 2.6171752324444242e-05, 7.636765076313168e-06], "url": "..\\image\\train\\gum\\candy_01_p34r94j4.jpg", "property": {"label": "gum", "lid": 1}}, {"probs": [1.4795050446991809e-05, 0.9999293088912964, 4.6672830649185926e-05, 9.18383648240706e-06], "url": "..\\image\\train\\gum\\candy_01_pmvbb0gf.jpg", "property": {"label": "gum", "lid": 1}}, {"probs": [7.553315413133532e-07, 0.9999831914901733, 9.878508535621222e-06, 6.257241693674587e-06], "url": "..\\image\\train\\gum\\candy_01_poodfv4i.jpg", "property": {"label": "gum", "lid": 1}}, {"probs": [8.78372975421371e-06, 0.999944806098938, 3.750497126020491e-05, 8.78372975421371e-06], "url": "..\\image\\train\\gum\\candy_01_pyblpxpb.jpg", "property": {"label": "gum", "lid": 1}}, {"probs": [1.0238291906716768e-05, 0.9999555349349976, 2.3923314074636437e-05, 1.0238291906716768e-05], "url": "..\\image\\train\\gum\\candy_01_r2rnif16.jpg", "property": {"label": "gum", "lid": 1}}, {"probs": [3.2282071060762974e-06, 0.9999891519546509, 6.214283075678395e-06, 1.3817677881888812e-06], "url": "..\\image\\train\\gum\\candy_02_y3fmclhk.jpg", "property": {"label": "gum", "lid": 1}}, {"probs": [3.245588595746085e-05, 0.9999244213104248, 2.1605377696687356e-05, 2.1605377696687356e-05], "url": "..\\image\\train\\gum\\candy_04_1ujf836f.jpg", "property": {"label": "gum", "lid": 1}}, {"probs": [7.685905075049959e-06, 0.9999700784683228, 1.4643556824012194e-05, 7.685905075049959e-06],